Trade #,Type,Date and time,Signal,Price USD,Size (qty),Size (value),Net P&L USD,Net P&L %,Favorable excursion USD,Favorable excursion %,Adverse excursion USD,Adverse excursion %,Cumulative P&L USD,Cumulative P&L %
1,Exit long,2024-01-03 22:30,LX_SL,2034.331,4.8,9863.4288,-98.64,-1.00,3.79,0.04,-98.64,-1.00,-98.64,-0.99
1,Entry long,2024-01-03 19:00,S2_Rev,2054.881,4.8,9863.4288,-98.64,-1.00,3.79,0.04,-98.64,-1.00,-98.64,-0.99
2,Exit long,2024-02-13 22:00,LX_SL,2000.031,4.9,9899.1515,-99,-1.00,222.29,2.25,-99,-1.00,-197.64,-1.98
2,Entry long,2024-01-08 22:30,S2_Rev,2020.235,4.9,9899.1515,-99,-1.00,222.29,2.25,-99,-1.00,-197.64,-1.98
3,Exit long,2024-03-29 01:00,LX_TP1,2218.065,4.5,9785.5875,195.71,2.00,229.23,2.34,-80.44,-0.82,-1.93,-0.02
3,Entry long,2024-03-22 00:00,S2_Rev,2174.575,4.5,9785.5875,195.71,2.00,229.23,2.34,-80.44,-0.82,-1.93,-0.02
4,Exit long,2024-04-12 23:30,LX_TP1,2382.662,4.2,9802.3464,204.83,2.09,411.13,4.19,-34.86,-0.36,202.9,2.03
4,Entry long,2024-04-10 22:00,S2_Rev,2333.892,4.2,9802.3464,204.83,2.09,411.13,4.19,-34.86,-0.36,202.9,2.03
5,Exit long,2024-04-15 22:00,LX_SL,2329.416,4.2,9882.3774,-98.83,-1.00,83.26,0.84,-98.83,-1.00,104.07,1.04
5,Entry long,2024-04-15 06:00,S2_Rev,2352.947,4.2,9882.3774,-98.83,-1.00,83.26,0.84,-98.83,-1.00,104.07,1.04
6,Exit long,2024-04-17 01:00,LX_TP1,2396.378,4.2,9867.4464,197.34,2.00,205.08,2.08,-29.05,-0.29,301.41,3.01
6,Entry long,2024-04-15 23:00,S2_Rev,2349.392,4.2,9867.4464,197.34,2.00,205.08,2.08,-29.05,-0.29,301.41,3.01
7,Exit long,2024-04-22 19:00,LX_SL,2341.044,4.2,9931.7064,-99.32,-1.00,223.43,2.25,-99.32,-1.00,202.09,2.02
7,Entry long,2024-04-18 06:30,S2_Rev,2364.692,4.2,9931.7064,-99.32,-1.00,223.43,2.25,-99.32,-1.00,202.09,2.02
8,Exit long,2024-04-23 09:30,LX_SL,2323.173,4.2,9855.8922,-98.57,-1.00,15.79,0.16,-98.57,-1.00,103.52,1.04
8,Entry long,2024-04-22 20:30,S2_Rev,2346.641,4.2,9855.8922,-98.57,-1.00,15.79,0.16,-98.57,-1.00,103.52,1.04
9,Exit long,2024-05-01 03:30,LX_SL,2289.018,4.3,9942.2063,-99.43,-1.00,173.76,1.75,-99.43,-1.00,4.09,0.04
9,Entry long,2024-04-23 10:30,S2_Rev,2312.141,4.3,9942.2063,-99.43,-1.00,173.76,1.75,-99.43,-1.00,4.09,0.04
10,Exit long,2024-05-10 03:00,LX_TP1,2336.565,4.3,9850.2293,197,2.00,206.62,2.10,-58.79,-0.60,201.09,2.01
10,Entry long,2024-05-01 06:30,S2_Rev,2290.751,4.3,9850.2293,197,2.00,206.62,2.10,-58.79,-0.60,201.09,2.01
11,Exit long,2024-05-17 21:30,LX_TP1,2396.95,4.2,9869.7984,197.39,2.00,231.79,2.35,-75.46,-0.76,398.49,3.98
11,Entry long,2024-05-13 15:30,S2_Rev,2349.952,4.2,9869.7984,197.39,2.00,231.79,2.35,-75.46,-0.76,398.49,3.98
12,Exit long,2024-05-23 13:30,LX_SL,2365.921,4.1,9798.2661,-97.99,-1.00,21.6,0.22,-97.99,-1.00,300.5,3.00
12,Entry long,2024-05-22 23:30,S2_Rev,2389.821,4.1,9798.2661,-97.99,-1.00,21.6,0.22,-97.99,-1.00,300.5,3.00
13,Exit long,2024-05-23 22:30,LX_SL,2342.946,4.2,9939.7788,-99.41,-1.00,14.05,0.14,-99.41,-1.00,201.09,2.01
13,Entry long,2024-05-23 14:30,S2_Rev,2366.614,4.2,9939.7788,-99.41,-1.00,14.05,0.14,-99.41,-1.00,201.09,2.01
14,Exit long,2024-05-30 13:30,LX_SL,2322.557,4.2,9853.2798,-98.54,-1.00,76.02,0.77,-98.54,-1.00,102.55,1.03
14,Entry long,2024-05-24 00:00,S2_Rev,2346.019,4.2,9853.2798,-98.54,-1.00,76.02,0.77,-98.54,-1.00,102.55,1.03
15,Exit long,2024-06-06 23:30,LX_TP1,2374.629,4.2,9778.1292,195.31,2.00,196.7,2.01,-57.65,-0.59,297.86,2.98
15,Entry long,2024-05-30 14:30,S2_Rev,2328.126,4.2,9778.1292,195.31,2.00,196.7,2.01,-57.65,-0.59,297.86,2.98
16,Exit long,2024-06-08 03:30,LX_SL,2288.058,4.3,9938.0353,-99.39,-1.00,14.49,0.15,-99.39,-1.00,198.48,1.98
16,Entry long,2024-06-08 00:30,S2_Rev,2311.171,4.3,9938.0353,-99.39,-1.00,14.49,0.15,-99.39,-1.00,198.48,1.98
17,Exit long,2024-06-20 14:30,LX_TP1,2343.21,4.3,9878.2438,197.56,2.00,208.27,2.11,-42.85,-0.43,396.04,3.96
17,Entry long,2024-06-10 07:00,S2_Rev,2297.266,4.3,9878.2438,197.56,2.00,208.27,2.11,-42.85,-0.43,396.04,3.96
18,Exit long,2024-06-26 21:00,LX_SL,2297.615,4.3,9979.5475,-99.8,-1.00,70.07,0.70,-99.8,-1.00,296.23,2.96
18,Entry long,2024-06-24 09:00,S2_Rev,2320.825,4.3,9979.5475,-99.8,-1.00,70.07,0.70,-99.8,-1.00,296.23,2.96
19,Exit long,2024-07-11 21:00,LX_TP1,2405.812,4.2,9906.2922,198.12,2.00,214.78,2.17,-40.07,-0.40,494.35,4.94
19,Entry long,2024-07-09 01:00,S2_Rev,2358.641,4.2,9906.2922,198.12,2.00,214.78,2.17,-40.07,-0.40,494.35,4.94
20,Exit long,2024-07-19 14:00,LX_SL,2419.777,4,9776.884,-97.78,-1.00,13,0.13,-97.78,-1.00,396.58,3.97
20,Entry long,2024-07-19 06:00,S2_Rev,2444.221,4,9776.884,-97.78,-1.00,13,0.13,-97.78,-1.00,396.58,3.97
21,Exit long,2024-07-19 21:00,LX_SL,2395.691,4.1,9921.5531,-99.22,-1.00,9.63,0.10,-99.22,-1.00,297.36,2.97
21,Entry long,2024-07-19 15:00,S2_Rev,2419.891,4.1,9921.5531,-99.22,-1.00,9.63,0.10,-99.22,-1.00,297.36,2.97
22,Exit long,2024-07-25 09:30,LX_SL,2379.752,4.1,9855.5431,-98.56,-1.00,115.7,1.17,-98.56,-1.00,198.8,1.99
22,Entry long,2024-07-19 22:00,S2_Rev,2403.791,4.1,9855.5431,-98.56,-1.00,115.7,1.17,-98.56,-1.00,198.8,1.99
23,Exit long,2024-07-31 22:00,LX_TP1,2423.826,4.2,9980.4642,199.61,2.00,221.5,2.22,-98.7,-0.99,398.4,3.98
23,Entry long,2024-07-25 14:00,S2_Rev,2376.301,4.2,9980.4642,199.61,2.00,221.5,2.22,-98.7,-0.99,398.4,3.98
24,Exit long,2024-08-05 18:30,LX_SL,2408.828,4.1,9975.9601,-99.77,-1.00,105.3,1.06,-99.77,-1.00,298.64,2.99
24,Entry long,2024-08-03 00:00,S2_Rev,2433.161,4.1,9975.9601,-99.77,-1.00,105.3,1.06,-99.77,-1.00,298.64,2.99
25,Exit long,2024-08-10 01:00,LX_TP1,2433.648,4.1,9782.3171,195.64,2.00,205.12,2.10,-28.96,-0.30,494.27,4.94
25,Entry long,2024-08-05 21:30,S2_Rev,2385.931,4.1,9782.3171,195.64,2.00,205.12,2.10,-28.96,-0.30,494.27,4.94
26,Exit long,2024-08-15 21:00,LX_SL,2432.915,4,9829.964,-98.3,-1.00,50.16,0.51,-98.3,-1.00,395.97,3.96
26,Entry long,2024-08-14 22:00,S2_Rev,2457.491,4,9829.964,-98.3,-1.00,50.16,0.51,-98.3,-1.00,395.97,3.96
27,Exit long,2024-09-14 00:30,LX_TP2,2581.134,4,9927.444,397.09,4.00,413.68,4.17,-41.44,-0.42,793.06,7.93
27,Entry long,2024-08-23 00:00,S2_Rev,2481.861,4,9927.444,397.09,4.00,413.68,4.17,-41.44,-0.42,793.06,7.93
28,Exit long,2024-10-01 02:00,LX_SL,2627.323,3.7,9819.2931,-98.2,-1.00,44.87,0.46,-98.2,-1.00,694.86,6.95
28,Entry long,2024-09-27 23:30,S2_Rev,2653.863,3.7,9819.2931,-98.2,-1.00,44.87,0.46,-98.2,-1.00,694.86,6.95
29,Exit long,2024-10-08 23:00,LX_SL,2618.637,3.7,9786.8293,-97.87,-1.00,92.69,0.95,-97.87,-1.00,596.99,5.97
29,Entry long,2024-10-03 17:00,S2_Rev,2645.089,3.7,9786.8293,-97.87,-1.00,92.69,0.95,-97.87,-1.00,596.99,5.97
30,Exit long,2024-10-16 14:00,LX_TP1,2668.671,3.8,9942.1148,198.84,2.00,206.13,2.07,-55.24,-0.56,795.83,7.96
30,Entry long,2024-10-09 01:30,S2_Rev,2616.346,3.8,9942.1148,198.84,2.00,206.13,2.07,-55.24,-0.56,795.83,7.96
31,Exit long,2024-10-30 10:30,LX_TP1,2776.088,3.6,9797.9616,195.96,2.00,217.74,2.22,-35.24,-0.36,991.78,9.92
31,Entry long,2024-10-24 00:00,S2_Rev,2721.656,3.6,9797.9616,195.96,2.00,217.74,2.22,-35.24,-0.36,991.78,9.92
32,Exit long,2024-11-06 14:00,LX_SL,2719.419,3.6,9888.8004,-98.89,-1.00,55.23,0.56,-98.89,-1.00,892.89,8.93
32,Entry long,2024-11-01 03:00,S2_Rev,2746.889,3.6,9888.8004,-98.89,-1.00,55.23,0.56,-98.89,-1.00,892.89,8.93
33,Exit long,2024-11-06 19:30,LX_SL,2698.269,3.6,9811.8936,-98.13,-1.00,29.61,0.30,-98.13,-1.00,794.77,7.95
33,Entry long,2024-11-06 15:30,S2_Rev,2725.526,3.6,9811.8936,-98.13,-1.00,29.61,0.30,-98.13,-1.00,794.77,7.95
34,Exit long,2024-11-06 21:30,LX_SL,2673.282,3.7,9991.0582,-99.91,-1.00,10.74,0.11,-99.91,-1.00,694.85,6.95
34,Entry long,2024-11-06 20:30,S2_Rev,2700.286,3.7,9991.0582,-99.91,-1.00,10.74,0.11,-99.91,-1.00,694.85,6.95
35,Exit long,2024-11-07 09:00,LX_SL,2649.022,3.7,9900.3897,-99.01,-1.00,9.02,0.09,-99.01,-1.00,595.84,5.96
35,Entry long,2024-11-07 00:00,S2_Rev,2675.781,3.7,9900.3897,-99.01,-1.00,9.02,0.09,-99.01,-1.00,595.84,5.96
36,Exit long,2024-11-08 04:30,LX_TP1,2706.656,3.7,9818.2682,196.36,2.00,210.99,2.15,-9.4,-0.10,792.2,7.92
36,Entry long,2024-11-07 10:30,S2_Rev,2653.586,3.7,9818.2682,196.36,2.00,210.99,2.15,-9.4,-0.10,792.2,7.92
37,Exit long,2024-11-11 21:30,LX_SL,2643.497,3.7,9879.7437,-98.8,-1.00,19.01,0.19,-98.8,-1.00,693.4,6.93
37,Entry long,2024-11-11 12:00,S2_Rev,2670.201,3.7,9879.7437,-98.8,-1.00,19.01,0.19,-98.8,-1.00,693.4,6.93
38,Exit long,2024-11-12 15:30,LX_SL,2595.927,3.8,9964.17,-99.65,-1.00,18.96,0.19,-99.65,-1.00,593.75,5.94
38,Entry long,2024-11-12 04:30,S2_Rev,2622.15,3.8,9964.17,-99.65,-1.00,18.96,0.19,-99.65,-1.00,593.75,5.94
39,Exit long,2024-11-14 07:30,LX_SL,2570.652,3.8,9867.156,-98.68,-1.00,84.44,0.86,-98.68,-1.00,495.07,4.95
39,Entry long,2024-11-12 19:00,S2_Rev,2596.62,3.8,9867.156,-98.68,-1.00,84.44,0.86,-98.68,-1.00,495.07,4.95
40,Exit long,2024-11-19 00:00,LX_TP1,2612.689,3.9,9989.6979,199.79,2.00,202.48,2.03,-96.71,-0.97,694.86,6.95
40,Entry long,2024-11-14 11:30,S2_Rev,2561.461,3.9,9989.6979,199.79,2.00,202.48,2.03,-96.71,-0.97,694.86,6.95
41,Exit long,2024-11-25 22:00,LX_SL,2643.557,3.7,9879.9657,-98.8,-1.00,68.41,0.69,-98.8,-1.00,596.05,5.96
41,Entry long,2024-11-25 16:30,S2_Rev,2670.261,3.7,9879.9657,-98.8,-1.00,68.41,0.69,-98.8,-1.00,596.05,5.96
42,Exit long,2024-12-11 12:30,LX_TP1,2684.384,3.8,9977.4168,223.24,2.24,299.12,3.00,-78.09,-0.78,819.3,8.19
42,Entry long,2024-11-26 04:00,S2_Rev,2625.636,3.8,9977.4168,223.24,2.24,299.12,3.00,-78.09,-0.78,819.3,8.19
43,Exit long,2024-12-13 22:00,LX_SL,2659.356,3.7,9939.014,-99.4,-1.00,24.2,0.24,-99.4,-1.00,719.9,7.20
43,Entry long,2024-12-13 02:00,S2_Rev,2686.22,3.7,9939.014,-99.4,-1.00,24.2,0.24,-99.4,-1.00,719.9,7.20
44,Exit long,2024-12-17 22:00,LX_SL,2633.157,3.7,9841.0972,-98.42,-1.00,17.7,0.18,-98.42,-1.00,621.48,6.21
44,Entry long,2024-12-14 00:00,S2_Rev,2659.756,3.7,9841.0972,-98.42,-1.00,17.7,0.18,-98.42,-1.00,621.48,6.21
45,Exit long,2025-01-03 00:30,LX_TP1,2656.355,3.8,9896.2298,197.92,2.00,204.17,2.06,-66.33,-0.67,819.4,8.19
45,Entry long,2024-12-19 09:30,S2_Rev,2604.271,3.8,9896.2298,197.92,2.00,204.17,2.06,-66.33,-0.67,819.4,8.19
46,Exit long,2025-01-06 22:00,LX_SL,2617.456,3.7,9782.4152,-97.83,-1.00,20.55,0.21,-97.83,-1.00,721.58,7.22
46,Entry long,2025-01-04 00:00,S2_Rev,2643.896,3.7,9782.4152,-97.83,-1.00,20.55,0.21,-97.83,-1.00,721.58,7.22
47,Exit long,2025-01-21 11:00,LX_TP1,2724.412,3.7,9882.6778,197.65,2.00,207.19,2.10,-53.2,-0.54,919.22,9.19
47,Entry long,2025-01-13 21:00,S2_Rev,2670.994,3.7,9882.6778,197.65,2.00,207.19,2.10,-53.2,-0.54,919.22,9.19
48,Exit long,2025-01-28 00:30,LX_SL,2733.488,3.6,9939.9636,-99.41,-1.00,39.38,0.40,-99.41,-1.00,819.82,8.20
48,Entry long,2025-01-27 11:30,S2_Rev,2761.101,3.6,9939.9636,-99.41,-1.00,39.38,0.40,-99.41,-1.00,819.82,8.20
49,Exit long,2025-01-31 00:00,LX_TP1,2791.423,3.6,9852.0876,197.04,2.00,222.69,2.26,-8.23,-0.08,1016.85,10.17
49,Entry long,2025-01-28 02:30,S2_Rev,2736.691,3.6,9852.0876,197.04,2.00,222.69,2.26,-8.23,-0.08,1016.85,10.17
50,Exit long,2025-02-04 21:30,LX_TP1,2834.812,3.5,9727.3015,194.54,2.00,202.62,2.08,-8.48,-0.09,1211.39,12.11
50,Entry long,2025-02-03 12:30,S2_Rev,2779.229,3.5,9727.3015,194.54,2.00,202.62,2.08,-8.48,-0.09,1211.39,12.11
51,Exit long,2025-02-10 18:00,LX_TP1,2901.685,3.5,9956.7685,199.13,2.00,204.68,2.06,-3.31,-0.03,1410.52,14.11
51,Entry long,2025-02-06 23:30,S2_Rev,2844.791,3.5,9956.7685,199.13,2.00,204.68,2.06,-3.31,-0.03,1410.52,14.11
52,Exit long,2025-02-19 19:30,LX_TP1,2940.088,3.4,9800.2994,196,2.00,219.47,2.24,-3.34,-0.03,1606.52,16.07
52,Entry long,2025-02-17 08:30,S2_Rev,2882.441,3.4,9800.2994,196,2.00,219.47,2.24,-3.34,-0.03,1606.52,16.07
53,Exit long,2025-02-27 17:00,LX_SL,2878.434,3.4,9885.5374,-98.86,-1.00,76.82,0.78,-98.86,-1.00,1507.66,15.08
53,Entry long,2025-02-26 02:00,S2_Rev,2907.511,3.4,9885.5374,-98.86,-1.00,76.82,0.78,-98.86,-1.00,1507.66,15.08
54,Exit long,2025-02-28 12:00,LX_SL,2861.971,3.4,9828.9954,-98.29,-1.00,14.13,0.14,-98.29,-1.00,1409.36,14.09
54,Entry long,2025-02-27 17:30,S2_Rev,2890.881,3.4,9828.9954,-98.29,-1.00,14.13,0.14,-98.29,-1.00,1409.36,14.09
55,Exit long,2025-02-28 22:30,LX_SL,2834.665,3.4,9735.2166,-97.36,-1.00,12.86,0.13,-97.36,-1.00,1312.01,13.12
55,Entry long,2025-02-28 13:00,S2_Rev,2863.299,3.4,9735.2166,-97.36,-1.00,12.86,0.13,-97.36,-1.00,1312.01,13.12
56,Exit long,2025-03-04 15:30,LX_TP1,2899.227,3.5,9948.3335,198.96,2.00,207.3,2.08,-15.47,-0.16,1510.97,15.11
56,Entry long,2025-02-28 23:30,S2_Rev,2842.381,3.5,9948.3335,198.96,2.00,207.3,2.08,-15.47,-0.16,1510.97,15.11
57,Exit long,2025-03-14 23:00,LX_TP1,2980.739,3.4,9858.0994,276.41,2.80,358.7,3.64,-66.1,-0.67,1787.38,17.87
57,Entry long,2025-03-06 18:30,S2_Rev,2899.441,3.4,9858.0994,276.41,2.80,358.7,3.64,-66.1,-0.67,1787.38,17.87
58,Exit long,2025-03-31 06:30,LX_TP1,3088.565,3.3,9992.4198,199.84,2.00,230.32,2.30,-94.84,-0.95,1987.23,19.87
58,Entry long,2025-03-21 14:00,S2_Rev,3028.006,3.3,9992.4198,199.84,2.00,230.32,2.30,-94.84,-0.95,1987.23,19.87
59,Exit long,2025-04-03 20:00,LX_SL,3082.749,3.2,9964.4448,-99.65,-1.00,172.32,1.73,-99.65,-1.00,1887.58,18.88
59,Entry long,2025-04-02 01:30,S2_Rev,3113.889,3.2,9964.4448,-99.65,-1.00,172.32,1.73,-99.65,-1.00,1887.58,18.88
60,Exit long,2025-04-04 22:00,LX_SL,3054.6,3.2,9873.4592,-98.74,-1.00,164.4,1.67,-98.74,-1.00,1788.84,17.89
60,Entry long,2025-04-03 22:00,S2_Rev,3085.456,3.2,9873.4592,-98.74,-1.00,164.4,1.67,-98.74,-1.00,1788.84,17.89
61,Exit long,2025-04-07 06:00,LX_SL,3000.13,3.2,9697.3952,-96.98,-1.00,33.84,0.35,-96.98,-1.00,1691.86,16.92
61,Entry long,2025-04-05 00:30,S2_Rev,3030.436,3.2,9697.3952,-96.98,-1.00,33.84,0.35,-96.98,-1.00,1691.86,16.92
62,Exit long,2025-04-08 01:00,LX_SL,2969.708,3.3,9899.0331,-99,-1.00,184.78,1.87,-99,-1.00,1592.86,15.93
62,Entry long,2025-04-07 08:00,S2_Rev,2999.707,3.3,9899.0331,-99,-1.00,184.78,1.87,-99,-1.00,1592.86,15.93
63,Exit long,2025-04-09 14:30,LX_TP1,3029.344,3.3,9800.8251,196.01,2.00,209.16,2.13,-20.14,-0.21,1788.87,17.89
63,Entry long,2025-04-08 02:00,S2_Rev,2969.947,3.3,9800.8251,196.01,2.00,209.16,2.13,-20.14,-0.21,1788.87,17.89
64,Exit long,2025-04-22 06:30,LX_TP2,3430.044,3,9894.363,395.77,4.00,413.55,4.18,-14.72,-0.15,2184.64,21.85
64,Entry long,2025-04-17 23:30,S2_Rev,3298.121,3,9894.363,395.77,4.00,413.55,4.18,-14.72,-0.15,2184.64,21.85
65,Exit long,2025-04-23 14:30,LX_SL,3306.233,2.9,9684.9299,-96.85,-1.00,136.33,1.41,-96.85,-1.00,2087.79,20.88
65,Entry long,2025-04-23 07:30,S2_Rev,3339.631,2.9,9684.9299,-96.85,-1.00,136.33,1.41,-96.85,-1.00,2087.79,20.88
66,Exit long,2025-04-25 21:00,LX_SL,3271.405,3,9913.353,-99.14,-1.00,30.45,0.31,-99.14,-1.00,1988.65,19.89
66,Entry long,2025-04-25 15:00,S2_Rev,3304.451,3,9913.353,-99.14,-1.00,30.45,0.31,-99.14,-1.00,1988.65,19.89
67,Exit long,2025-04-29 02:30,LX_TP1,3346.777,3,9843.465,196.87,2.00,206.63,2.10,-40.17,-0.41,2185.52,21.86
67,Entry long,2025-04-25 22:00,S2_Rev,3281.155,3,9843.465,196.87,2.00,206.63,2.10,-40.17,-0.41,2185.52,21.86
68,Exit long,2025-05-01 08:00,LX_SL,3247.615,3,9841.263,-98.42,-1.00,118.29,1.20,-98.42,-1.00,2087.1,20.87
68,Entry long,2025-04-30 19:30,S2_Rev,3280.421,3,9841.263,-98.42,-1.00,118.29,1.20,-98.42,-1.00,2087.1,20.87
69,Exit long,2025-05-01 19:30,LX_SL,3205.659,3,9714.123,-97.15,-1.00,15.39,0.16,-97.15,-1.00,1989.95,19.90
69,Entry long,2025-05-01 14:00,S2_Rev,3238.041,3,9714.123,-97.15,-1.00,15.39,0.16,-97.15,-1.00,1989.95,19.90
70,Exit long,2025-05-07 06:00,LX_TP2,3385.064,3.1,9980.0501,513.65,5.15,680.15,6.82,-45.59,-0.46,2503.6,25.04
70,Entry long,2025-05-01 20:30,S2_Rev,3219.371,3.1,9980.0501,513.65,5.15,680.15,6.82,-45.59,-0.46,2503.6,25.04
71,Exit long,2025-05-09 00:00,LX_SL,3304.877,2.9,9680.9569,-96.81,-1.00,90.48,0.93,-96.81,-1.00,2406.79,24.07
71,Entry long,2025-05-08 15:30,S2_Rev,3338.261,2.9,9680.9569,-96.81,-1.00,90.48,0.93,-96.81,-1.00,2406.79,24.07
72,Exit long,2025-05-09 10:00,LX_SL,3275.127,3,9924.633,-99.25,-1.00,47.17,0.48,-99.25,-1.00,2307.54,23.08
72,Entry long,2025-05-09 02:00,S2_Rev,3308.211,3,9924.633,-99.25,-1.00,47.17,0.48,-99.25,-1.00,2307.54,23.08
73,Exit long,2025-05-12 15:00,LX_SL,3252.803,3,9856.983,-98.57,-1.00,12.96,0.13,-98.57,-1.00,2208.96,22.09
73,Entry long,2025-05-12 07:30,S2_Rev,3285.661,3,9856.983,-98.57,-1.00,12.96,0.13,-98.57,-1.00,2208.96,22.09
74,Exit long,2025-05-14 20:30,LX_SL,3188.69,3.1,9984.7931,-99.85,-1.00,138.29,1.38,-99.85,-1.00,2109.11,21.09
74,Entry long,2025-05-12 19:30,S2_Rev,3220.901,3.1,9984.7931,-99.85,-1.00,138.29,1.38,-99.85,-1.00,2109.11,21.09
75,Exit long,2025-05-15 10:30,LX_SL,3156.352,3.1,9883.5316,-98.84,-1.00,13.93,0.14,-98.84,-1.00,2010.27,20.10
75,Entry long,2025-05-15 01:00,S2_Rev,3188.236,3.1,9883.5316,-98.84,-1.00,13.93,0.14,-98.84,-1.00,2010.27,20.10
76,Exit long,2025-05-15 22:30,LX_TP1,3203.269,3.1,9735.4291,194.7,2.00,206.64,2.12,-31.79,-0.33,2204.97,22.05
76,Entry long,2025-05-15 14:30,S2_Rev,3140.461,3.1,9735.4291,194.7,2.00,206.64,2.12,-31.79,-0.33,2204.97,22.05
77,Exit long,2025-05-19 07:00,LX_TP1,3237.592,3.1,9839.7441,196.79,2.00,206.53,2.10,-26.4,-0.27,2401.76,24.02
77,Entry long,2025-05-16 20:30,S2_Rev,3174.111,3.1,9839.7441,196.79,2.00,206.53,2.10,-26.4,-0.27,2401.76,24.02
78,Exit long,2025-05-20 22:30,LX_TP1,3276.811,3.1,9958.9391,199.18,2.00,227.13,2.28,-18,-0.18,2600.94,26.01
78,Entry long,2025-05-20 11:30,S2_Rev,3212.561,3.1,9958.9391,199.18,2.00,227.13,2.28,-18,-0.18,2600.94,26.01
79,Exit long,2025-05-24 00:00,LX_TP1,3360.628,3,9884.205,197.68,2.00,209.84,2.12,-47.84,-0.48,2798.62,27.99
79,Entry long,2025-05-22 19:30,S2_Rev,3294.735,3,9884.205,197.68,2.00,209.84,2.12,-47.84,-0.48,2798.62,27.99
80,Exit long,2025-05-29 07:00,LX_SL,3273.963,3,9921.105,-99.22,-1.00,55.43,0.56,-99.22,-1.00,2699.4,26.99
80,Entry long,2025-05-27 16:30,S2_Rev,3307.035,3,9921.105,-99.22,-1.00,55.43,0.56,-99.22,-1.00,2699.4,26.99
81,Exit long,2025-06-03 11:30,LX_TP1,3362.994,3,9790.593,298.39,3.05,385.71,3.94,-8.74,-0.09,2997.79,29.98
81,Entry long,2025-05-29 10:00,S2_Rev,3263.531,3,9790.593,298.39,3.05,385.71,3.94,-8.74,-0.09,2997.79,29.98
82,Exit long,2025-06-07 02:00,LX_SL,3314.45,2.9,9708.9999,-97.09,-1.00,80.36,0.83,-97.09,-1.00,2900.7,29.01
82,Entry long,2025-06-06 00:30,S2_Rev,3347.931,2.9,9708.9999,-97.09,-1.00,80.36,0.83,-97.09,-1.00,2900.7,29.01
83,Exit long,2025-06-12 21:00,LX_TP1,3384.4,3,9954.123,199.08,2.00,227.46,2.29,-74.53,-0.75,3099.77,31.00
83,Entry long,2025-06-09 06:30,S2_Rev,3318.041,3,9954.123,199.08,2.00,227.46,2.29,-74.53,-0.75,3099.77,31.00
84,Exit long,2025-06-19 03:30,LX_SL,3362.923,2.9,9850.9897,-98.51,-1.00,25.95,0.26,-98.51,-1.00,3001.26,30.01
84,Entry long,2025-06-16 23:00,S2_Rev,3396.893,2.9,9850.9897,-98.51,-1.00,25.95,0.26,-98.51,-1.00,3001.26,30.01
85,Exit long,2025-06-24 14:00,LX_SL,3323.816,2.9,9736.4339,-97.37,-1.00,118.78,1.22,-97.37,-1.00,2903.89,29.04
85,Entry long,2025-06-19 15:00,S2_Rev,3357.391,2.9,9736.4339,-97.37,-1.00,118.78,1.22,-97.37,-1.00,2903.89,29.04
86,Exit long,2025-06-24 21:30,LX_SL,3296.306,3,9988.812,-99.89,-1.00,8.45,0.08,-99.89,-1.00,2804,28.04
86,Entry long,2025-06-24 16:00,S2_Rev,3329.604,3,9988.812,-99.89,-1.00,8.45,0.08,-99.89,-1.00,2804,28.04
87,Exit long,2025-06-27 19:30,LX_SL,3279.058,3,9936.543,-99.37,-1.00,114.48,1.15,-99.37,-1.00,2704.63,27.05
87,Entry long,2025-06-24 23:30,S2_Rev,3312.181,3,9936.543,-99.37,-1.00,114.48,1.15,-99.37,-1.00,2704.63,27.05
88,Exit long,2025-07-01 23:00,LX_TP1,3339.867,3,9823.143,196.46,2.00,250.92,2.55,-83.49,-0.85,2901.09,29.01
88,Entry long,2025-06-27 22:00,S2_Rev,3274.381,3,9823.143,196.46,2.00,250.92,2.55,-83.49,-0.85,2901.09,29.01
89,Exit long,2025-07-07 18:30,LX_SL,3298.877,3,9996.603,-99.97,-1.00,38.67,0.39,-99.97,-1.00,2801.11,28.01
89,Entry long,2025-07-03 21:30,S2_Rev,3332.201,3,9996.603,-99.97,-1.00,38.67,0.39,-99.97,-1.00,2801.11,28.01
90,Exit long,2025-07-14 15:30,LX_TP1,3374.068,3,9923.733,198.47,2.00,201.15,2.03,-76.46,-0.77,2999.59,30.00
90,Entry long,2025-07-09 01:30,S2_Rev,3307.911,3,9923.733,198.47,2.00,201.15,2.03,-76.46,-0.77,2999.59,30.00
91,Exit long,2025-07-21 23:00,LX_TP1,3395.807,3,9987.672,199.75,2.00,216.71,2.17,-58.95,-0.59,3199.33,31.99
91,Entry long,2025-07-16 01:00,S2_Rev,3329.224,3,9987.672,199.75,2.00,216.71,2.17,-58.95,-0.59,3199.33,31.99
92,Exit long,2025-07-24 20:00,LX_SL,3359.25,2.9,9840.2307,-98.41,-1.00,8.31,0.08,-98.41,-1.00,3100.93,31.01
92,Entry long,2025-07-24 02:00,S2_Rev,3393.183,2.9,9840.2307,-98.41,-1.00,8.31,0.08,-98.41,-1.00,3100.93,31.01
93,Exit long,2025-07-25 23:30,LX_SL,3325.677,2.9,9741.8859,-97.42,-1.00,52.72,0.54,-97.42,-1.00,3003.51,30.04
93,Entry long,2025-07-24 21:30,S2_Rev,3359.271,2.9,9741.8859,-97.42,-1.00,52.72,0.54,-97.42,-1.00,3003.51,30.04
94,Exit long,2025-07-30 21:30,LX_SL,3300.798,2.9,9669.0089,-96.69,-1.00,32.51,0.34,-96.69,-1.00,2906.81,29.07
94,Entry long,2025-07-26 01:30,S2_Rev,3334.141,2.9,9669.0089,-96.69,-1.00,32.51,0.34,-96.69,-1.00,2906.81,29.07
95,Exit long,2025-08-04 20:00,LX_TP1,3364.041,3,9894.243,197.88,2.00,220.26,2.23,-90.43,-0.91,3104.69,31.05
95,Entry long,2025-07-31 01:00,S2_Rev,3298.081,3,9894.243,197.88,2.00,220.26,2.23,-90.43,-0.91,3104.69,31.05
96,Exit long,2025-08-18 07:00,LX_SL,3326.919,2.9,9745.5254,-97.46,-1.00,140.69,1.44,-97.46,-1.00,3007.23,30.07
96,Entry long,2025-08-05 20:30,S2_Rev,3360.526,2.9,9745.5254,-97.46,-1.00,140.69,1.44,-97.46,-1.00,3007.23,30.07
97,Exit long,2025-08-27 00:00,LX_TP1,3385.191,3,9956.448,199.13,2.00,211.75,2.13,-22.68,-0.23,3206.36,32.06
97,Entry long,2025-08-20 02:30,S2_Rev,3318.816,3,9956.448,199.13,2.00,211.75,2.13,-22.68,-0.23,3206.36,32.06
98,Exit long,2025-09-09 22:30,LX_TP1,3636.374,2.8,9886.6348,295.21,2.99,402.75,4.07,-19.69,-0.20,3501.57,35.02
98,Entry long,2025-09-04 12:30,S2_Rev,3530.941,2.8,9886.6348,295.21,2.99,402.75,4.07,-19.69,-0.20,3501.57,35.02
99,Exit long,2025-09-23 17:30,LX_TP2,3779.786,2.7,9812.9097,392.51,4.00,423.01,4.31,-18.75,-0.19,3894.08,38.94
99,Entry long,2025-09-15 10:00,S2_Rev,3634.411,2.7,9812.9097,392.51,4.00,423.01,4.31,-18.75,-0.19,3894.08,38.94
100,Exit long,2025-09-29 13:00,LX_TP1,3804.661,2.6,9698.1586,193.96,2.00,205.06,2.11,-21.24,-0.22,4088.04,40.88
100,Entry long,2025-09-25 04:00,S2_Rev,3730.061,2.6,9698.1586,193.96,2.00,205.06,2.11,-21.24,-0.22,4088.04,40.88
101,Exit long,2025-10-01 19:30,LX_TP1,3880.233,2.6,9890.7926,197.81,2.00,237.07,2.40,-3.12,-0.03,4285.85,42.86
101,Entry long,2025-09-30 18:30,S2_Rev,3804.151,2.6,9890.7926,197.81,2.00,237.07,2.40,-3.12,-0.03,4285.85,42.86
102,Exit long,2025-10-07 15:00,LX_TP1,3953.547,2.6,9978.6206,300.6,3.01,362.75,3.64,-7.11,-0.07,4586.46,45.86
102,Entry long,2025-10-03 00:30,S2_Rev,3837.931,2.6,9978.6206,300.6,3.01,362.75,3.64,-7.11,-0.07,4586.46,45.86
103,Exit long,2025-10-10 00:30,LX_SL,3987.026,2.4,9665.5224,-96.66,-1.00,73.7,0.76,-96.66,-1.00,4489.8,44.90
103,Entry long,2025-10-09 08:30,S2_Rev,4027.301,2.4,9665.5224,-96.66,-1.00,73.7,0.76,-96.66,-1.00,4489.8,44.90
104,Exit long,2025-10-13 07:30,LX_TP1,4042.219,2.5,9907.4025,198.15,2.00,242.72,2.45,-40.93,-0.41,4687.94,46.88
104,Entry long,2025-10-10 02:30,S2_Rev,3962.961,2.5,9907.4025,198.15,2.00,242.72,2.45,-40.93,-0.41,4687.94,46.88
105,Exit long,2025-10-18 00:30,LX_SL,4206.148,2.3,9771.8628,-97.72,-1.00,24.71,0.25,-97.72,-1.00,4590.22,45.90
105,Entry long,2025-10-17 23:00,S2_Rev,4248.636,2.3,9771.8628,-97.72,-1.00,24.71,0.25,-97.72,-1.00,4590.22,45.90
106,Exit long,2025-10-20 21:30,LX_TP1,4305.06,2.3,9707.4927,194.15,2.00,245.1,2.52,-19.36,-0.20,4784.36,47.84
106,Entry long,2025-10-18 02:00,S2_Rev,4220.649,2.3,9707.4927,194.15,2.00,245.1,2.52,-19.36,-0.20,4784.36,47.84
107,Exit long,2025-10-21 20:00,LX_SL,4231.17,2.3,9829.9953,-98.3,-1.00,9.22,0.09,-98.3,-1.00,4686.06,46.86
107,Entry long,2025-10-21 17:00,S2_Rev,4273.911,2.3,9829.9953,-98.3,-1.00,9.22,0.09,-98.3,-1.00,4686.06,46.86
108,Exit long,2025-10-22 08:00,LX_SL,4081.413,2.4,9894.3384,-98.95,-1.00,24.29,0.25,-98.95,-1.00,4587.11,45.87
108,Entry long,2025-10-22 04:30,S2_Rev,4122.641,2.4,9894.3384,-98.95,-1.00,24.29,0.25,-98.95,-1.00,4587.11,45.87
109,Exit long,2025-10-22 18:30,LX_SL,4034.16,2.4,9779.7864,-97.8,-1.00,207.38,2.12,-97.8,-1.00,4489.31,44.89
109,Entry long,2025-10-22 09:00,S2_Rev,4074.911,2.4,9779.7864,-97.8,-1.00,207.38,2.12,-97.8,-1.00,4489.31,44.89
110,Exit long,2025-10-23 15:30,LX_TP1,4107.772,2.4,9665.3496,193.3,2.00,265.65,2.75,-39.44,-0.41,4682.61,46.83
110,Entry long,2025-10-22 20:00,S2_Rev,4027.229,2.4,9665.3496,193.3,2.00,265.65,2.75,-39.44,-0.41,4682.61,46.83
111,Exit long,2025-10-27 16:30,LX_SL,4024.656,2.4,9756.7464,-97.57,-1.00,176.88,1.81,-97.57,-1.00,4585.04,45.85
111,Entry long,2025-10-24 17:00,S2_Rev,4065.311,2.4,9756.7464,-97.57,-1.00,176.88,1.81,-97.57,-1.00,4585.04,45.85
112,Exit long,2025-10-27 22:00,LX_SL,3994.313,2.4,9683.1864,-96.84,-1.00,37.49,0.39,-96.84,-1.00,4488.21,44.88
112,Entry long,2025-10-27 20:30,S2_Rev,4034.661,2.4,9683.1864,-96.84,-1.00,37.49,0.39,-96.84,-1.00,4488.21,44.88
113,Exit long,2025-10-28 13:30,LX_SL,3959.133,2.5,9997.815,-99.98,-1.00,51.49,0.51,-99.98,-1.00,4388.22,43.88
113,Entry long,2025-10-28 01:00,S2_Rev,3999.126,2.5,9997.815,-99.98,-1.00,51.49,0.51,-99.98,-1.00,4388.22,43.88
114,Exit long,2025-10-29 21:30,LX_TP1,4004.987,2.5,9816.1475,196.32,2.00,259.43,2.64,-52.81,-0.54,4584.54,45.85
114,Entry long,2025-10-28 19:00,S2_Rev,3926.459,2.5,9816.1475,196.32,2.00,259.43,2.64,-52.81,-0.54,4584.54,45.85
115,Exit long,2025-10-31 07:00,LX_TP1,4027.437,2.5,9871.1725,197.42,2.00,244.46,2.48,-83.51,-0.85,4781.96,47.82
115,Entry long,2025-10-30 04:30,S2_Rev,3948.469,2.5,9871.1725,197.42,2.00,244.46,2.48,-83.51,-0.85,4781.96,47.82
116,Exit long,2025-11-11 07:00,LX_TP2,4115.027,2.5,9891.9775,395.59,4.00,399.3,4.04,-68.25,-0.69,5177.55,51.78
116,Entry long,2025-11-05 00:00,S2_Rev,3956.791,2.5,9891.9775,395.59,4.00,399.3,4.04,-68.25,-0.69,5177.55,51.78
117,Exit long,2025-11-13 07:30,LX_TP1,4188.762,2.4,9855.9144,197.11,2.00,252.06,2.56,-19.73,-0.20,5374.67,53.75
117,Entry long,2025-11-12 00:00,S2_Rev,4106.631,2.4,9855.9144,197.11,2.00,252.06,2.56,-19.73,-0.20,5374.67,53.75
118,Exit long,2025-11-14 20:00,LX_SL,4121.963,2.4,9992.6424,-99.93,-1.00,114.5,1.15,-99.93,-1.00,5274.74,52.75
118,Entry long,2025-11-14 04:00,S2_Rev,4163.601,2.4,9992.6424,-99.93,-1.00,114.5,1.15,-99.93,-1.00,5274.74,52.75
119,Exit long,2025-11-18 03:30,LX_SL,4041.679,2.4,9798.0144,-97.98,-1.00,68.99,0.70,-97.98,-1.00,5176.75,51.77
119,Entry long,2025-11-14 23:00,S2_Rev,4082.506,2.4,9798.0144,-97.98,-1.00,68.99,0.70,-97.98,-1.00,5176.75,51.77
120,Exit long,2025-11-19 18:30,LX_TP1,4107.601,2.4,9664.9464,193.3,2.00,220.8,2.28,-70.57,-0.73,5370.05,53.70
120,Entry long,2025-11-18 04:30,S2_Rev,4027.061,2.4,9664.9464,193.3,2.00,220.8,2.28,-70.57,-0.73,5370.05,53.70
121,Exit long,2025-12-12 02:30,LX_TP1,4280.827,2.3,9652.8493,193.05,2.00,204.9,2.12,-76.9,-0.80,5563.1,55.63
121,Entry long,2025-12-02 19:30,S2_Rev,4196.891,2.3,9652.8493,193.05,2.00,204.9,2.12,-76.9,-0.80,5563.1,55.63
122,Exit long,2025-12-23 14:00,LX_TP2,4474.074,2.3,9894.5908,395.78,4.00,422.24,4.27,-71,-0.72,5958.88,59.59
122,Entry long,2025-12-16 01:30,S2_Rev,4301.996,2.3,9894.5908,395.78,4.00,422.24,4.27,-71,-0.72,5958.88,59.59
123,Exit long,2025-12-29 21:30,LX_SL,4429.725,2.2,9843.8362,-98.44,-1.00,30.86,0.31,-98.44,-1.00,5860.44,58.60
123,Entry long,2025-12-29 16:00,S2_Rev,4474.471,2.2,9843.8362,-98.44,-1.00,30.86,0.31,-98.44,-1.00,5860.44,58.60
124,Exit long,2025-12-31 13:30,LX_SL,4296.966,2.3,9982.8533,-99.83,-1.00,147.29,1.48,-99.83,-1.00,5760.61,57.61
124,Entry long,2025-12-30 04:30,S2_Rev,4340.371,2.3,9982.8533,-99.83,-1.00,147.29,1.48,-99.83,-1.00,5760.61,57.61
125,Exit long,2026-01-02 19:30,LX_TP1,4392.885,2.3,9905.5273,198.11,2.00,212.89,2.15,-9.55,-0.10,5958.72,59.59
125,Entry long,2025-12-31 14:30,S2_Rev,4306.751,2.3,9905.5273,198.11,2.00,212.89,2.15,-9.55,-0.10,5958.72,59.59
126,Exit long,2026-01-05 19:00,LX_TP1,4415.411,2.3,9956.3228,199.12,2.00,255.45,2.57,-44.66,-0.45,6157.84,61.58
126,Entry long,2026-01-03 01:30,S2_Rev,4328.836,2.3,9956.3228,199.12,2.00,255.45,2.57,-44.66,-0.45,6157.84,61.58
127,Exit long,2026-01-30 05:30,LX_TP1,5395.091,1.8,9520.7508,190.41,2.00,247,2.59,-111.09,-1.17,6348.25,63.48
127,Entry long,2026-01-30 00:30,S2_Rev,5289.306,1.8,9520.7508,190.41,2.00,247,2.59,-111.09,-1.17,6348.25,63.48
128,Exit long,2026-01-30 21:30,LX_SL,5008.063,1.9,9611.4369,-96.12,-1.00,165.45,1.72,-96.12,-1.00,6252.13,62.52
128,Entry long,2026-01-30 18:30,S2_Rev,5058.651,1.9,9611.4369,-96.12,-1.00,165.45,1.72,-96.12,-1.00,6252.13,62.52
129,Exit long,2026-01-31 04:30,LX_SL,4831.764,2,9761.142,-97.61,-1.00,135.41,1.39,-97.61,-1.00,6154.52,61.55
129,Entry long,2026-01-31 03:00,S2_Rev,4880.571,2,9761.142,-97.61,-1.00,135.41,1.39,-97.61,-1.00,6154.52,61.55
130,Exit long,2026-02-02 21:00,LX_TP2,4742.217,2.1,9575.6325,383.02,4.00,530.66,5.54,-73.97,-0.77,6537.54,65.38
130,Entry long,2026-02-02 15:30,S2_Rev,4559.825,2.1,9575.6325,383.02,4.00,530.66,5.54,-73.97,-0.77,6537.54,65.38
131,Exit long,2026-02-05 07:30,LX_TP1,5015.487,2,9834.292,196.68,2.00,213.15,2.17,-89.95,-0.91,6734.23,67.34
131,Entry long,2026-02-05 01:30,S2_Rev,4917.146,2,9834.292,196.68,2.00,213.15,2.17,-89.95,-0.91,6734.23,67.34
132,Exit long,2026-02-05 21:00,LX_SL,4810.224,2,9717.628,-97.18,-1.00,169.83,1.75,-97.18,-1.00,6637.05,66.37
132,Entry long,2026-02-05 11:30,S2_Rev,4858.814,2,9717.628,-97.18,-1.00,169.83,1.75,-97.18,-1.00,6637.05,66.37
133,Exit long,2026-02-06 09:30,LX_SL,4711.789,2,9524.792,-101.21,-1.06,1.85,0.02,-138.57,-1.45,6535.83,65.36
133,Entry long,2026-02-06 09:00,S2_Rev,4762.396,2,9524.792,-101.21,-1.06,1.85,0.02,-138.57,-1.45,6535.83,65.36
134,Exit long,2026-02-13 07:00,LX_SL,4905.265,2,9909.63,-99.1,-1.00,56.35,0.57,-99.1,-1.00,6436.73,64.37
134,Entry long,2026-02-13 01:00,S2_Rev,4954.815,2,9909.63,-99.1,-1.00,56.35,0.57,-99.1,-1.00,6436.73,64.37
135,Exit long,2026-02-17 13:00,LX_SL,4907.162,2,9913.462,-99.14,-1.00,29.54,0.30,-99.14,-1.00,6337.59,63.38
135,Entry long,2026-02-17 09:30,S2_Rev,4956.731,2,9913.462,-99.14,-1.00,29.54,0.30,-99.14,-1.00,6337.59,63.38
136,Exit long,2026-02-17 22:00,LX_SL,4861.197,2,9820.604,-98.21,-1.00,68.1,0.69,-98.21,-1.00,6239.38,62.39
136,Entry long,2026-02-17 15:00,S2_Rev,4910.302,2,9820.604,-98.21,-1.00,68.1,0.69,-98.21,-1.00,6239.38,62.39
137,Exit long,2026-02-27 21:30,LX_TP1,5231.081,1.9,9744.1728,194.88,2.00,212.85,2.18,-20.62,-0.21,6434.26,64.34
137,Entry long,2026-02-24 23:00,S2_Rev,5128.512,1.9,9744.1728,194.88,2.00,212.85,2.18,-20.62,-0.21,6434.26,64.34
138,Exit long,2026-03-03 17:00,LX_SL,5251.544,1.8,9548.2638,-95.48,-1.00,135.5,1.42,-95.48,-1.00,6338.78,63.39
138,Entry long,2026-03-03 01:30,S2_Rev,5304.591,1.8,9548.2638,-95.48,-1.00,135.5,1.42,-95.48,-1.00,6338.78,63.39
139,Exit long,2026-03-03 19:00,LX_SL,5222.189,1.8,9494.892,-94.95,-1.00,23.63,0.25,-94.95,-1.00,6243.83,62.44
139,Entry long,2026-03-03 18:00,S2_Rev,5274.94,1.8,9494.892,-94.95,-1.00,23.63,0.25,-94.95,-1.00,6243.83,62.44
140,Exit long,2026-03-03 21:00,LX_SL,5152.296,1.9,9888.2479,-98.89,-1.00,42.5,0.43,-98.89,-1.00,6144.94,61.45
140,Entry long,2026-03-03 20:30,S2_Rev,5204.341,1.9,9888.2479,-98.89,-1.00,42.5,0.43,-98.89,-1.00,6144.94,61.45
141,Exit long,2026-03-09 07:30,LX_SL,5044.694,1.9,9681.7388,-96.82,-1.00,209.92,2.17,-96.82,-1.00,6048.12,60.48
141,Entry long,2026-03-04 00:00,S2_Rev,5095.652,1.9,9681.7388,-96.82,-1.00,209.92,2.17,-96.82,-1.00,6048.12,60.48
142,Exit long,2026-03-10 10:00,LX_TP1,5173.123,1.9,9636.2129,192.72,2.00,218.98,2.27,-32.02,-0.33,6240.84,62.41
142,Entry long,2026-03-09 09:30,S2_Rev,5071.691,1.9,9636.2129,192.72,2.00,218.98,2.27,-32.02,-0.33,6240.84,62.41
143,Exit long,2026-03-13 22:30,LX_SL,5041.109,1.9,9674.8589,-96.75,-1.00,69.16,0.71,-96.75,-1.00,6144.09,61.44
143,Entry long,2026-03-13 06:30,S2_Rev,5092.031,1.9,9674.8589,-96.75,-1.00,69.16,0.71,-96.75,-1.00,6144.09,61.44
144,Exit long,2026-03-14 03:30,LX_SL,5012.063,1.9,9619.1129,-96.19,-1.00,10.62,0.11,-96.19,-1.00,6047.9,60.48
144,Entry long,2026-03-13 23:30,S2_Rev,5062.691,1.9,9619.1129,-96.19,-1.00,10.62,0.11,-96.19,-1.00,6047.9,60.48
145,Exit long,2026-03-18 19:00,LX_SL,4947.282,2,9994.512,-99.95,-1.00,94.55,0.95,-99.95,-1.00,5947.95,59.48
145,Entry long,2026-03-16 08:00,S2_Rev,4997.256,2,9994.512,-99.95,-1.00,94.55,0.95,-99.95,-1.00,5947.95,59.48
146,Exit long,2026-03-19 04:00,LX_SL,4833.556,2,9764.762,-97.65,-1.00,33.89,0.35,-97.65,-1.00,5850.3,58.50
146,Entry long,2026-03-19 00:30,S2_Rev,4882.381,2,9764.762,-97.65,-1.00,33.89,0.35,-97.65,-1.00,5850.3,58.50
147,Exit long,2026-03-19 14:30,LX_SL,4786.221,2,9669.136,-96.69,-1.00,65.24,0.67,-96.69,-1.00,5753.61,57.54
147,Entry long,2026-03-19 07:00,S2_Rev,4834.568,2,9669.136,-96.69,-1.00,65.24,0.67,-96.69,-1.00,5753.61,57.54
148,Exit long,2026-03-20 11:00,LX_TP1,4694.534,2.1,9665.2206,193.3,2.00,212.28,2.20,-13.97,-0.14,5946.91,59.47
148,Entry long,2026-03-20 01:30,S2_Rev,4602.486,2.1,9665.2206,193.3,2.00,212.28,2.20,-13.97,-0.14,5946.91,59.47
149,Exit long,2026-03-21 02:00,LX_SL,4538.951,2.1,9628.0821,-96.28,-1.00,33.25,0.35,-96.28,-1.00,5850.62,58.51
149,Entry long,2026-03-21 00:30,S2_Rev,4584.801,2.1,9628.0821,-96.28,-1.00,33.25,0.35,-96.28,-1.00,5850.62,58.51
150,Exit long,2026-03-23 07:30,LX_SL,4479.215,2.2,9953.8142,-99.54,-1.00,5.06,0.05,-99.54,-1.00,5751.08,57.51
150,Entry long,2026-03-23 06:30,S2_Rev,4524.461,2.2,9953.8142,-99.54,-1.00,5.06,0.05,-99.54,-1.00,5751.08,57.51
151,Exit long,2026-03-23 10:30,LX_SL,4377.28,2.2,9727.2912,-97.28,-1.00,71.46,0.73,-97.28,-1.00,5653.81,56.54
151,Entry long,2026-03-23 09:30,S2_Rev,4421.496,2.2,9727.2912,-97.28,-1.00,71.46,0.73,-97.28,-1.00,5653.81,56.54
152,Exit long,2026-03-23 13:30,LX_SL,4324.839,2.2,9610.7572,-96.11,-1.00,29.2,0.30,-96.11,-1.00,5557.69,55.58
152,Entry long,2026-03-23 12:30,S2_Rev,4368.526,2.2,9610.7572,-96.11,-1.00,29.2,0.30,-96.11,-1.00,5557.69,55.58
153,Exit long,2026-03-23 19:30,LX_TP2,4395.851,2.3,9721.5963,388.86,4.00,543.96,5.60,-18.26,-0.19,5946.56,59.47
153,Entry long,2026-03-23 16:30,S2_Rev,4226.781,2.3,9721.5963,388.86,4.00,543.96,5.60,-18.26,-0.19,5946.56,59.47
154,Exit long,2026-03-27 00:00,LX_SL,4411.014,2.2,9802.2562,-98.03,-1.00,52.7,0.54,-98.03,-1.00,5848.53,58.49
154,Entry long,2026-03-26 15:00,S2_Rev,4455.571,2.2,9802.2562,-98.03,-1.00,52.7,0.54,-98.03,-1.00,5848.53,58.49
155,Exit long,2026-03-30 06:00,LX_TP1,4482.14,2.2,9667.3632,193.34,2.00,354.76,3.67,-96.22,-1.00,6041.87,60.42
155,Entry long,2026-03-27 03:00,S2_Rev,4394.256,2.2,9667.3632,193.34,2.00,354.76,3.67,-96.22,-1.00,6041.87,60.42
156,Exit long,2026-04-02 13:30,LX_SL,4625.777,2.1,9812.2584,-98.13,-1.00,16.94,0.17,-98.13,-1.00,5943.75,59.44
156,Entry long,2026-04-02 13:00,S2_Rev,4672.504,2.1,9812.2584,-98.13,-1.00,16.94,0.17,-98.13,-1.00,5943.75,59.44
157,Exit long,2026-04-08 06:30,LX_TP1,4713.126,2.1,9703.4973,194.07,2.00,276,2.84,-84.78,-0.87,6137.82,61.38
157,Entry long,2026-04-02 15:30,S2_Rev,4620.713,2.1,9703.4973,194.07,2.00,276,2.84,-84.78,-0.87,6137.82,61.38
158,Exit long,2026-04-14 09:00,LX_TP1,4764.578,2.1,9809.4276,196.19,2.00,221.96,2.26,-14.78,-0.15,6334,63.34
158,Entry long,2026-04-13 08:00,S2_Rev,4671.156,2.1,9809.4276,196.19,2.00,221.96,2.26,-14.78,-0.15,6334,63.34
159,Exit long,2026-04-21 22:30,LX_SL,4723.982,2,9543.402,-95.44,-1.00,123.06,1.29,-95.44,-1.00,6238.56,62.39
159,Entry long,2026-04-20 09:00,S2_Rev,4771.701,2,9543.402,-95.44,-1.00,123.06,1.29,-95.44,-1.00,6238.56,62.39
160,Exit long,2026-04-24 12:00,LX_SL,4661.504,2.1,9888.0411,-98.88,-1.00,133.8,1.35,-98.88,-1.00,6139.68,61.40
160,Entry long,2026-04-22 03:00,S2_Rev,4708.591,2.1,9888.0411,-98.88,-1.00,133.8,1.35,-98.88,-1.00,6139.68,61.40
161,Exit long,2026-04-25 04:30,Open,4708.62,2.1,9816.1161,71.99,0.73,138.56,1.41,-16.84,-0.17,6211.67,62.12
161,Entry long,2026-04-24 13:00,S2_Rev,4674.341,2.1,9816.1161,71.99,0.73,138.56,1.41,-16.84,-0.17,6211.67,62.12