time,open,high,low,close,Basis,Upper,Lower,Basis,Upper,Lower,Fast EMA
2026-04-14T06:30:00+08:00,4748.622,4759.65,4745.74,4757.873,4731.17599999997,4757.992372343597,4704.359627656344,4731.17599999997,4757.992372343597,4704.359627656344,4751.352099398696
2026-04-14T07:00:00+08:00,4757.91,4765.793,4754.21,4755.325,4733.415749999969,4760.442316235228,4706.389183764711,4733.415749999969,4760.442316235228,4706.389183764711,4753.338549699348
2026-04-14T07:30:00+08:00,4754.76,4761.96,4753.87,4757.551,4735.1422999999695,4763.66245283534,4706.622147164599,4735.1422999999695,4763.66245283534,4706.622147164599,4755.444774849674
2026-04-14T08:00:00+08:00,4757.65,4767.639,4750.99,4762.1,4736.57829999997,4767.39831154016,4705.7582884597805,4736.57829999997,4767.39831154016,4705.7582884597805,4758.772387424837
2026-04-14T08:30:00+08:00,4762.1,4775.893,4761.145,4769.74,4738.5521499999695,4772.408491246743,4704.695808753196,4738.5521499999695,4772.408491246743,4704.695808753196,4764.256193712418
2026-04-14T09:00:00+08:00,4769.751,4776.85,4761.77,4770.22,4741.29454999997,4776.06918853872,4706.51991146122,4741.29454999997,4776.06918853872,4706.51991146122,4767.238096856209
2026-04-14T09:30:00+08:00,4770.339,4773.785,4761.13,4764.856,4743.58434999997,4778.231948644123,4708.936751355817,4743.58434999997,4778.231948644123,4708.936751355817,4766.047048428105
2026-04-14T10:00:00+08:00,4765.15,4772.61,4762.21,4768.769,4746.842049999969,4777.912118971792,4715.771981028147,4746.842049999969,4777.912118971792,4715.771981028147,4767.408024214053
2026-04-14T10:30:00+08:00,4768.72,4777.19,4761.41,4775.111,4749.88234999997,4779.487590613937,4720.277109386003,4749.88234999997,4779.487590613937,4720.277109386003,4771.259512107026
2026-04-14T11:00:00+08:00,4775.102,4775.59,4765.29,4768.389,4751.78719999997,4781.005333307105,4722.569066692835,4751.78719999997,4781.005333307105,4722.569066692835,4769.824256053513
2026-04-14T11:30:00+08:00,4768.63,4772.06,4765.298,4767.69,4753.543699999969,4782.144415210959,4724.94298478898,4753.543699999969,4782.144415210959,4724.94298478898,4768.757128026757
2026-04-14T12:00:00+08:00,4767.927,4776.935,4766.56,4775.52,4755.18469999997,4784.8546135987,4725.51478640124,4755.18469999997,4784.8546135987,4725.51478640124,4772.1385640133785
2026-04-14T12:30:00+08:00,4775.81,4776.26,4771.07,4774.099,4757.39064999997,4785.769051642948,4729.012248356992,4757.39064999997,4785.769051642948,4729.012248356992,4773.11878200669
2026-04-14T13:00:00+08:00,4774.08,4774.33,4761.08,4764.51,4759.247549999969,4784.176539725469,4734.318560274469,4759.247549999969,4784.176539725469,4734.318560274469,4768.814391003345
2026-04-14T13:30:00+08:00,4764.602,4767.34,4757.6,4760.027,4760.317399999969,4783.382114338349,4737.252685661589,4760.317399999969,4783.382114338349,4737.252685661589,4764.4206955016725
2026-04-14T14:00:00+08:00,4760.027,4769.86,4759.36,4767.14,4761.529399999969,4783.31796766937,4739.740832330569,4761.529399999969,4783.31796766937,4739.740832330569,4765.780347750837
2026-04-14T14:30:00+08:00,4767.671,4783.02,4763.93,4781.8,4763.5608999999695,4784.950433031027,4742.171366968912,4763.5608999999695,4784.950433031027,4742.171366968912,4773.790173875419
2026-04-14T15:00:00+08:00,4781.795,4796.552,4767.5,4772.23,4765.205399999969,4783.763278701261,4746.647521298677,4765.205399999969,4783.763278701261,4746.647521298677,4773.010086937709
2026-04-14T15:30:00+08:00,4772.635,4780.71,4771.51,4776.89,4766.919899999969,4782.974244412084,4750.865555587854,4766.919899999969,4782.974244412084,4750.865555587854,4774.950043468854
2026-04-14T16:00:00+08:00,4777.25,4786.63,4773.84,4785.69,4768.776499999969,4784.492274773551,4753.060725226387,4768.776499999969,4784.492274773551,4753.060725226387,4780.320021734427
2026-04-14T16:30:00+08:00,4785.951,4789.931,4781.168,4786.53,4770.209349999969,4786.883684476451,4753.535015523487,4770.209349999969,4786.883684476451,4753.535015523487,4783.425010867213
2026-04-14T17:00:00+08:00,4786.685,4789.26,4778.18,4778.5,4771.368099999969,4786.927689470937,4755.808510529,4771.368099999969,4786.927689470937,4755.808510529,4780.962505433607
2026-04-14T17:30:00+08:00,4778.33,4782.37,4771.31,4777.86,4772.383549999968,4786.813476278007,4757.953623721928,4772.383549999968,4786.813476278007,4757.953623721928,4779.411252716804
2026-04-14T18:00:00+08:00,4777.85,4788.18,4777.85,4783.849,4773.470999999969,4787.9151549059825,4759.026845093955,4773.470999999969,4787.9151549059825,4759.026845093955,4781.630126358402
2026-04-14T18:30:00+08:00,4783.849,4784.61,4751.285,4768.282,4773.398099999968,4787.9312835926385,4758.864916407297,4773.398099999968,4787.9312835926385,4758.864916407297,4774.956063179201
2026-04-14T19:00:00+08:00,4768.336,4783.06,4766.57,4777.85,4773.779599999968,4788.359554565046,4759.19964543489,4773.779599999968,4788.359554565046,4759.19964543489,4776.403031589601
2026-04-14T19:30:00+08:00,4777.84,4782.93,4770.298,4774.72,4774.272799999968,4788.267543056252,4760.278056943684,4774.272799999968,4788.267543056252,4760.278056943684,4775.5615157948005
2026-04-14T20:00:00+08:00,4774.979,4777.69,4762.2,4769.111,4774.289899999968,4788.25851254858,4760.321287451356,4774.289899999968,4788.25851254858,4760.321287451356,4772.3362578974
2026-04-14T20:30:00+08:00,4768.68,4776.289,4761.905,4771.21,4774.094849999968,4788.120978271658,4760.0687217282775,4774.094849999968,4788.120978271658,4760.0687217282775,4771.7731289487
2026-04-14T21:00:00+08:00,4770.99,4792.56,4770.74,4783.047,4774.827749999969,4789.114126647485,4760.541373352452,4774.827749999969,4789.114126647485,4760.541373352452,4777.41006447435
2026-04-14T21:30:00+08:00,4783.06,4803.612,4779.775,4794.21,4776.153749999969,4792.340543434311,4759.966956565626,4776.153749999969,4792.340543434311,4759.966956565626,4785.810032237176
2026-04-14T22:00:00+08:00,4794.37,4810.83,4792.62,4809.341,4777.844799999968,4799.542082456811,4756.147517543125,4777.844799999968,4799.542082456811,4756.147517543125,4797.575516118588
2026-04-14T22:30:00+08:00,4809.342,4818.04,4794.948,4803.565,4779.3180999999695,4803.640705708995,4754.995494290944,4779.3180999999695,4803.640705708995,4754.995494290944,4800.570258059293
2026-04-14T23:00:00+08:00,4803.86,4805.84,4790.89,4802.345,4781.209849999968,4806.497513708901,4755.922186291035,4781.209849999968,4806.497513708901,4755.922186291035,4801.457629029646
2026-04-14T23:30:00+08:00,4802.395,4816.26,4802.028,4808.06,4783.611499999968,4809.5120353063285,4757.710964693608,4783.611499999968,4809.5120353063285,4757.710964693608,4804.758814514824
2026-04-15T00:00:00+08:00,4807.795,4819.35,4804.43,4816.22,4786.065499999969,4814.440666204539,4757.690333795398,4786.065499999969,4814.440666204539,4757.690333795398,4810.489407257412
2026-04-15T00:30:00+08:00,4816.08,4820.38,4808.808,4810.222,4787.486599999969,4817.6551325575,4757.318067442438,4787.486599999969,4817.6551325575,4757.318067442438,4810.355703628706
2026-04-15T01:00:00+08:00,4810.222,4833.65,4809.198,4825.751,4790.162649999969,4823.745018514193,4756.580281485745,4790.162649999969,4823.745018514193,4756.580281485745,4818.053351814353
2026-04-15T01:30:00+08:00,4825.74,4841.703,4824.78,4834.845,4793.0603999999685,4831.24753772317,4754.873262276767,4793.0603999999685,4831.24753772317,4754.873262276767,4826.449175907177
2026-04-15T02:00:00+08:00,4834.955,4843.4,4832.808,4837.55,4795.653399999969,4838.272213144686,4753.034586855252,4795.653399999969,4838.272213144686,4753.034586855252,4831.999587953589
2026-04-15T02:30:00+08:00,4837.78,4839.31,4830.49,4835.308,4798.092299999969,4843.813416300331,4752.371183699608,4798.092299999969,4843.813416300331,4752.371183699608,4833.653793976795
2026-04-15T03:00:00+08:00,4835.671,4842.57,4835.305,4840.75,4801.204799999969,4849.566293781391,4752.843306218546,4801.204799999969,4849.566293781391,4752.843306218546,4837.2018969883975
2026-04-15T03:30:00+08:00,4840.75,4846.35,4838.298,4844.921,4804.557849999969,4855.224284595551,4753.891415404388,4804.557849999969,4855.224284595551,4753.891415404388,4841.061448494199
2026-04-15T04:00:00+08:00,4844.725,4846.221,4839.26,4840.316,4807.381199999969,4859.392353980328,4755.37004601961,4807.381199999969,4859.392353980328,4755.37004601961,4840.688724247099
2026-04-15T04:30:00+08:00,4840.438,4843.34,4839.4,4842.59,4811.096599999969,4862.009523517227,4760.183676482711,4811.096599999969,4862.009523517227,4760.183676482711,4841.639362123549
2026-04-15T06:00:00+08:00,4839.371,4850.831,4835.748,4840.028,4814.205499999969,4864.203526392221,4764.2074736077175,4814.205499999969,4864.203526392221,4764.2074736077175,4840.833681061775
2026-04-15T06:30:00+08:00,4840.078,4843.26,4832.54,4834.448,4817.191899999969,4864.459850267469,4769.923949732469,4817.191899999969,4864.459850267469,4769.923949732469,4837.6408405308875
2026-04-15T07:00:00+08:00,4834.448,4844.15,4833.11,4836.08,4820.540349999969,4862.947992332829,4778.13270766711,4820.540349999969,4862.947992332829,4778.13270766711,4836.860420265444
2026-04-15T07:30:00+08:00,4836.09,4844.136,4834.598,4837.111,4823.835399999969,4860.211206689094,4787.459593310844,4823.835399999969,4860.211206689094,4787.459593310844,4836.985710132722
2026-04-15T08:00:00+08:00,4837.085,4840.125,4828.33,4833.638,4826.364949999969,4857.735067913762,4794.994832086177,4826.364949999969,4857.735067913762,4794.994832086177,4835.31185506636
2026-04-15T08:30:00+08:00,4833.62,4837.52,4826.6,4835.353,4828.42209999997,4856.2883103639615,4800.555889635978,4828.42209999997,4856.2883103639615,4800.555889635978,4835.33242753318
2026-04-15T09:00:00+08:00,4835.351,4871.52,4827.73,4850.714,4830.49074999997,4858.526022683569,4802.455477316371,4830.49074999997,4858.526022683569,4802.455477316371,4843.02321376659
2026-04-15T09:30:00+08:00,4850.856,4851.441,4839.39,4847.03,4832.66399999997,4858.6792764296715,4806.648723570268,4832.66399999997,4858.6792764296715,4806.648723570268,4845.026606883295
2026-04-15T10:00:00+08:00,4846.72,4853.46,4831.948,4834.611,4834.27729999997,4856.261236629744,4812.293363370195,4834.27729999997,4856.261236629744,4812.293363370195,4839.818803441647
2026-04-15T10:30:00+08:00,4834.54,4835.44,4820.19,4823.92,4835.070299999969,4854.169081179956,4815.9715188199825,4835.070299999969,4854.169081179956,4815.9715188199825,4831.869401720824
2026-04-15T11:00:00+08:00,4823.823,4828.12,4816.36,4826.47,4835.582799999969,4853.116741016033,4818.048858983905,4835.582799999969,4853.116741016033,4818.048858983905,4829.1697008604115
2026-04-15T11:30:00+08:00,4826.426,4829.72,4823.54,4823.94,4836.26869999997,4850.552753183547,4821.984646816392,4836.26869999997,4850.552753183547,4821.984646816392,4826.554850430206
2026-04-15T12:00:00+08:00,4823.63,4826.7,4820.105,4824.488,4836.20554999997,4850.684873171235,4821.726226828704,4836.20554999997,4850.684873171235,4821.726226828704,4825.521425215104
2026-04-15T12:30:00+08:00,4824.84,4827.84,4820.94,4824.6,4835.693299999969,4851.028512360956,4820.358087638982,4835.693299999969,4851.028512360956,4820.358087638982,4825.060712607552
2026-04-15T13:00:00+08:00,4824.857,4830.463,4822.098,4826.1,4835.12079999997,4850.981901069707,4819.259698930232,4835.12079999997,4850.981901069707,4819.259698930232,4825.580356303776
2026-04-15T13:30:00+08:00,4826.11,4827.94,4812.09,4819.535,4834.332149999969,4851.585064983162,4817.079235016777,4834.332149999969,4851.585064983162,4817.079235016777,4822.5576781518885
2026-04-15T14:00:00+08:00,4819.54,4825.007,4813.25,4814.4,4833.014649999969,4852.039376316405,4813.989923683534,4833.014649999969,4852.039376316405,4813.989923683534,4818.478839075944
2026-04-15T14:30:00+08:00,4814.694,4822.177,4810.855,4812.19,4831.378099999969,4851.61687474731,4811.139325252628,4831.378099999969,4851.61687474731,4811.139325252628,4815.334419537972
2026-04-15T15:00:00+08:00,4811.63,4817.07,4803.5,4812.46,4829.985299999969,4851.373383741654,4808.597216258285,4829.985299999969,4851.373383741654,4808.597216258285,4813.897209768986
2026-04-15T15:30:00+08:00,4812.77,4815.841,4805.705,4810.96,4828.403799999969,4850.495931466679,4806.311668533259,4828.403799999969,4850.495931466679,4806.311668533259,4812.428604884493
2026-04-15T16:00:00+08:00,4811.57,4814.3,4804.215,4810.07,4826.905899999969,4849.693806759281,4804.117993240657,4826.905899999969,4849.693806759281,4804.117993240657,4811.2493024422465
2026-04-15T16:30:00+08:00,4809.5,4821.49,4805.15,4818.398,4826.103399999969,4848.902805419298,4803.30399458064,4826.103399999969,4848.902805419298,4803.30399458064,4814.823651221123
2026-04-15T17:00:00+08:00,4818.442,4819.57,4792.42,4797.61,4824.179899999968,4849.625562453579,4798.734237546358,4824.179899999968,4849.625562453579,4798.734237546358,4806.2168256105615
2026-04-15T17:30:00+08:00,4797.991,4803.84,4785.89,4797.95,4822.221849999969,4849.356786149337,4795.086913850601,4822.221849999969,4849.356786149337,4795.086913850601,4802.083412805281
2026-04-15T18:00:00+08:00,4798.128,4803.17,4789.915,4794.805,4820.280199999969,4849.357610090061,4791.2027899098775,4820.280199999969,4849.357610090061,4791.2027899098775,4798.444206402641
2026-04-15T18:30:00+08:00,4794.8,4805.33,4792.65,4799.56,4818.490549999969,4848.039016402262,4788.942083597675,4818.490549999969,4848.039016402262,4788.942083597675,4799.002103201321
2026-04-15T19:00:00+08:00,4799.982,4807.17,4795.2,4804.871,4816.198399999968,4842.304421195967,4790.09237880397,4816.198399999968,4842.304421195967,4790.09237880397,4801.93655160066
2026-04-15T19:30:00+08:00,4804.908,4815.08,4802.43,4812.64,4814.478899999968,4836.43596155409,4792.521838445847,4814.478899999968,4836.43596155409,4792.521838445847,4807.288275800331
2026-04-15T20:00:00+08:00,4812.571,4816.27,4806.65,4812.802,4813.388449999968,4833.309753570691,4793.467146429244,4813.388449999968,4833.309753570691,4793.467146429244,4810.045137900165
2026-04-15T20:30:00+08:00,4812.565,4816.08,4808.07,4811.577,4812.771299999968,4832.105425286651,4793.437174713285,4812.771299999968,4832.105425286651,4793.437174713285,4810.811068950083
2026-04-15T21:00:00+08:00,4811.577,4822.03,4808.11,4821.722,4812.533899999968,4831.297564229291,4793.770235770644,4812.533899999968,4831.297564229291,4793.770235770644,4816.266534475041
2026-04-15T21:30:00+08:00,4821.718,4830.18,4815.38,4828.847,4812.779249999969,4832.248146518924,4793.310353481013,4812.779249999969,4832.248146518924,4793.310353481013,4822.55676723752
2026-04-15T22:00:00+08:00,4828.847,4830.65,4819.97,4825.112,4812.810449999968,4832.356150732421,4793.264749267515,4812.810449999968,4832.356150732421,4793.264749267515,4823.83438361876
2026-04-15T22:30:00+08:00,4825.191,4825.79,4813.09,4815.34,4812.347449999968,4831.179814904838,4793.515085095099,4812.347449999968,4831.179814904838,4793.515085095099,4819.58719180938
2026-04-15T23:00:00+08:00,4815.58,4816.25,4797.318,4798.125,4810.948699999968,4829.642577397781,4792.254822602155,4810.948699999968,4829.642577397781,4792.254822602155,4808.85609590469
2026-04-15T23:30:00+08:00,4798.205,4807.55,4786.71,4801.31,4810.037449999968,4828.745083306486,4791.32981669345,4810.037449999968,4828.745083306486,4791.32981669345,4805.083047952345
2026-04-16T00:00:00+08:00,4801.6,4812.697,4800.05,4810.94,4809.864449999968,4828.471233137053,4791.2576668628835,4809.864449999968,4828.471233137053,4791.2576668628835,4808.011523976173
2026-04-16T00:30:00+08:00,4811.25,4811.96,4799.73,4803.931,4809.451499999968,4828.199561156134,4790.703438843802,4809.451499999968,4828.199561156134,4790.703438843802,4805.971261988087
2026-04-16T01:00:00+08:00,4803.53,4808.74,4797.5,4801.817,4808.919349999968,4827.898390182366,4789.940309817571,4808.919349999968,4827.898390182366,4789.940309817571,4803.894130994044
2026-04-16T01:30:00+08:00,4801.802,4802.84,4790.37,4792.577,4808.000199999969,4828.233989797062,4787.766410202875,4808.000199999969,4828.233989797062,4787.766410202875,4798.2355654970215
2026-04-16T02:00:00+08:00,4792.315,4801.49,4789.76,4794.41,4807.217199999968,4828.265615293652,4786.168784706284,4807.217199999968,4828.265615293652,4786.168784706284,4796.322782748511
2026-04-16T02:30:00+08:00,4794.405,4802.022,4794.3,4799.49,4806.271799999968,4826.92126798304,4785.622332016896,4806.271799999968,4826.92126798304,4785.622332016896,4797.906391374256
2026-04-16T03:00:00+08:00,4799.42,4803.56,4797.35,4802.66,4806.524299999968,4826.865125129876,4786.18347487006,4806.524299999968,4826.865125129876,4786.18347487006,4800.283195687128
2026-04-16T03:30:00+08:00,4803.002,4803.1,4794.25,4795.731,4806.413349999968,4826.963174044287,4785.863525955649,4806.413349999968,4826.963174044287,4785.863525955649,4798.007097843563
2026-04-16T04:00:00+08:00,4795.63,4796.68,4792.26,4793.755,4806.360849999967,4827.034027072569,4785.687672927365,4806.360849999967,4827.034027072569,4785.687672927365,4795.881048921781
2026-04-16T04:30:00+08:00,4793.44,4797.818,4787.19,4797.693,4806.267499999967,4827.079069041585,4785.455930958349,4806.267499999967,4827.079069041585,4785.455930958349,4796.787024460891
2026-04-16T06:00:00+08:00,4790.142,4802.145,4789.65,4801.01,4806.074449999967,4827.005540548503,4785.143359451432,4806.074449999967,4827.005540548503,4785.143359451432,4798.898512230446
2026-04-16T06:30:00+08:00,4800.4,4812,4798.44,4807.61,4805.822949999967,4826.552345456353,4785.093554543581,4805.822949999967,4826.552345456353,4785.093554543581,4803.254256115222
2026-04-16T07:00:00+08:00,4807.483,4815.9,4806.91,4814.962,4805.930949999967,4826.82650453118,4785.035395468754,4805.930949999967,4826.82650453118,4785.035395468754,4809.108128057611
2026-04-16T07:30:00+08:00,4814.928,4826.833,4813.96,4823.351,4806.519649999967,4828.6455167779795,4784.393783221955,4806.519649999967,4828.6455167779795,4784.393783221955,4816.229564028805
2026-04-16T08:00:00+08:00,4822.91,4831.29,4821.86,4824.35,4806.651049999969,4829.164310624211,4784.137789375726,4806.651049999969,4829.164310624211,4784.137789375726,4820.289782014403
2026-04-16T08:30:00+08:00,4824.71,4837.7,4819.2,4833.06,4806.861699999968,4830.263065323657,4783.460334676278,4806.861699999968,4830.263065323657,4783.460334676278,4826.674891007202
2026-04-16T09:00:00+08:00,4832.32,4836.42,4822.26,4823.26,4806.769099999968,4829.893886669772,4783.644313330164,4806.769099999968,4829.893886669772,4783.644313330164,4824.967445503601
2026-04-16T09:30:00+08:00,4823.557,4825.597,4810.7,4817.82,4806.8930999999675,4830.226052391762,4783.560147608173,4806.8930999999675,4830.226052391762,4783.560147608173,4821.3937227518
2026-04-16T10:00:00+08:00,4817.6,4825.06,4816.57,4819.16,4807.944849999968,4831.497374422066,4784.39232557787,4807.944849999968,4831.497374422066,4784.39232557787,4820.2768613759
2026-04-16T10:30:00+08:00,4818.83,4821.48,4811.89,4819.77,4808.867849999968,4832.75249524038,4784.9832047595555,4808.867849999968,4832.75249524038,4784.9832047595555,4820.02343068795
2026-04-16T11:00:00+08:00,4819.26,4827.14,4818.69,4823.87,4809.514349999968,4834.272350102253,4784.756349897682,4809.514349999968,4834.272350102253,4784.756349897682,4821.946715343975
2026-04-16T11:30:00+08:00,4823.34,4826.67,4818.49,4824.051,4810.520349999968,4835.915989473091,4785.124710526845,4810.520349999968,4835.915989473091,4785.124710526845,4822.998857671988
2026-04-16T12:00:00+08:00,4823.993,4830.12,4822.27,4826.51,4811.754999999967,4837.732397540126,4785.777602459809,4811.754999999967,4837.732397540126,4785.777602459809,4824.754428835994
2026-04-16T12:30:00+08:00,4826,4833.54,4824.43,4833.017,4813.776999999967,4839.764047523047,4787.789952476887,4813.776999999967,4839.764047523047,4787.789952476887,4828.8857144179965
2026-04-16T13:00:00+08:00,4833.02,4838.41,4831.06,4833.16,4815.714499999967,4841.413430210189,4790.015569789745,4815.714499999967,4841.413430210189,4790.015569789745,4831.022857208998
2026-04-16T13:30:00+08:00,4832.96,4833.887,4820.65,4821.17,4816.798499999968,4841.477244010634,4792.119755989302,4816.798499999968,4841.477244010634,4792.119755989302,4826.096428604499
2026-04-16T14:00:00+08:00,4821.211,4827.835,4813.74,4816.195,4817.475249999968,4841.293349204311,4793.657150795624,4817.475249999968,4841.293349204311,4793.657150795624,4821.145714302249
2026-04-16T14:30:00+08:00,4816.212,4830.69,4814.51,4826.001,4818.988749999968,4840.85457542936,4797.122924570575,4818.988749999968,4840.85457542936,4797.122924570575,4823.573357151125
2026-04-16T15:00:00+08:00,4825.61,4830.97,4816.47,4828.112,4820.706599999967,4839.564187267346,4801.849012732588,4820.706599999967,4839.564187267346,4801.849012732588,4825.842678575562
2026-04-16T15:30:00+08:00,4828.133,4830.25,4818.888,4821.31,4821.887449999967,4837.5136661753995,4806.261233824535,4821.887449999967,4837.5136661753995,4806.261233824535,4823.576339287782
2026-04-16T16:00:00+08:00,4820.73,4822.11,4806.955,4811.379,4822.405899999967,4835.748140851768,4809.063659148166,4822.405899999967,4835.748140851768,4809.063659148166,4817.477669643891
2026-04-16T16:30:00+08:00,4811.19,4814.9,4806.128,4813.691,4822.709949999967,4834.918626028684,4810.501273971249,4822.709949999967,4834.918626028684,4810.501273971249,4815.584334821946
2026-04-16T17:00:00+08:00,4813.44,4818.109,4810.99,4813.23,4822.623349999967,4835.07282857099,4810.173871428944,4822.623349999967,4835.07282857099,4810.173871428944,4814.407167410973
2026-04-16T17:30:00+08:00,4813.193,4815.49,4806.48,4812.95,4822.103299999967,4835.237855713971,4808.968744285963,4822.103299999967,4835.237855713971,4808.968744285963,4813.678583705487
2026-04-16T18:00:00+08:00,4812.655,4815.77,4804.855,4806.83,4821.227299999967,4835.893323872107,4806.561276127826,4821.227299999967,4835.893323872107,4806.561276127826,4810.254291852743
2026-04-16T18:30:00+08:00,4807.002,4817.39,4804.96,4817.171,4820.4328499999665,4834.138900091347,4806.726799908586,4820.4328499999665,4834.138900091347,4806.726799908586,4813.712645926372
2026-04-16T19:00:00+08:00,4816.9,4820.73,4815.195,4816.05,4820.072349999968,4833.841129446762,4806.303570553173,4820.072349999968,4833.841129446762,4806.303570553173,4814.881322963186
2026-04-16T19:30:00+08:00,4816.05,4822.57,4815.558,4821.97,4820.279849999967,4834.031673932846,4806.528026067088,4820.279849999967,4834.031673932846,4806.528026067088,4818.425661481593
2026-04-16T20:00:00+08:00,4822.097,4823.19,4811.25,4814.88,4820.065849999967,4834.012546407207,4806.119153592727,4820.065849999967,4834.012546407207,4806.119153592727,4816.652830740797
2026-04-16T20:30:00+08:00,4815.136,4820.79,4811.41,4815.99,4819.876849999967,4833.936453902006,4805.817246097928,4819.876849999967,4833.936453902006,4805.817246097928,4816.321415370398
2026-04-16T21:00:00+08:00,4816.185,4823.107,4813.79,4815.33,4819.449849999966,4833.517147732676,4805.382552267257,4819.449849999966,4833.517147732676,4805.382552267257,4815.825707685199
2026-04-16T21:30:00+08:00,4815.52,4824.07,4784.42,4794.68,4817.981299999967,4835.523742435739,4800.438857564194,4817.981299999967,4835.523742435739,4800.438857564194,4805.2528538425995
2026-04-16T22:00:00+08:00,4794.802,4805.412,4784.875,4798.89,4816.600299999967,4835.533246019898,4797.667353980037,4816.600299999967,4835.533246019898,4797.667353980037,4802.0714269213
2026-04-16T22:30:00+08:00,4798.987,4800.688,4772.35,4788.64,4814.381449999966,4835.3866239146455,4793.376276085287,4814.381449999966,4835.3866239146455,4793.376276085287,4795.355713460651
2026-04-16T23:00:00+08:00,4788.8,4813.03,4787.84,4801.55,4812.800949999966,4832.641006552076,4792.9608934478565,4812.800949999966,4832.641006552076,4792.9608934478565,4798.452856730326
2026-04-16T23:30:00+08:00,4801.812,4811.11,4797.68,4806.865,4812.085699999966,4831.697441754448,4792.473958245484,4812.085699999966,4831.697441754448,4792.473958245484,4802.658928365163
2026-04-17T00:00:00+08:00,4806.69,4810.098,4796.505,4799.198,4811.235849999966,4831.523105296987,4790.948594702946,4811.235849999966,4831.523105296987,4790.948594702946,4800.928464182582
2026-04-17T00:30:00+08:00,4799.181,4799.95,4784.935,4791.93,4809.532299999966,4830.290566667226,4788.7740333327065,4809.532299999966,4830.290566667226,4788.7740333327065,4796.429232091291
2026-04-17T01:00:00+08:00,4791.942,4795.54,4784.425,4784.96,4807.374699999967,4828.915433947733,4785.833966052201,4807.374699999967,4828.915433947733,4785.833966052201,4790.6946160456455
2026-04-17T01:30:00+08:00,4785.077,4791.095,4781.215,4789.118,4805.765099999966,4827.707362238907,4783.822837761025,4805.765099999966,4827.707362238907,4783.822837761025,4789.9063080228225
2026-04-17T02:00:00+08:00,4789.145,4794.262,4785.27,4786.982,4804.5452499999665,4827.77816911343,4781.312330886503,4804.5452499999665,4827.77816911343,4781.312330886503,4788.444154011411
2026-04-17T02:30:00+08:00,4787.02,4792.74,4786.455,4789.29,4803.325199999967,4827.066093505333,4779.5843064946,4803.325199999967,4827.066093505333,4779.5843064946,4788.867077005705
2026-04-17T03:00:00+08:00,4789.29,4795.11,4789.22,4790.66,4802.196699999966,4826.0922314034315,4778.3011685965,4802.196699999966,4826.0922314034315,4778.3011685965,4789.7635385028525
2026-04-17T03:30:00+08:00,4790.715,4798.63,4790.29,4793.605,4801.229449999966,4824.870323511185,4777.588576488747,4801.229449999966,4824.870323511185,4777.588576488747,4791.684269251426
2026-04-17T04:00:00+08:00,4793.44,4793.94,4787.74,4788.96,4800.335949999966,4824.40942461377,4776.262475386162,4800.335949999966,4824.40942461377,4776.262475386162,4790.322134625712
2026-04-17T04:30:00+08:00,4788.91,4790.92,4785.93,4787.431,4798.848949999966,4822.2436346354525,4775.454265364479,4798.848949999966,4822.2436346354525,4775.454265364479,4788.876567312856
2026-04-17T06:00:00+08:00,4791.488,4798.049,4790.77,4793.868,4797.739849999967,4819.834591597681,4775.645108402254,4797.739849999967,4819.834591597681,4775.645108402254,4791.372283656428
2026-04-17T06:30:00+08:00,4793.929,4796.87,4790.27,4795.21,4796.4018499999665,4815.503594022137,4777.300105977796,4796.4018499999665,4815.503594022137,4777.300105977796,4793.291141828215
2026-04-17T07:00:00+08:00,4795.21,4797.85,4791.32,4794.07,4795.3613499999665,4812.488672122588,4778.234027877345,4795.3613499999665,4812.488672122588,4778.234027877345,4793.680570914107
2026-04-17T07:30:00+08:00,4793.92,4796.83,4791.17,4791.689,4794.146299999966,4808.465125644518,4779.827474355414,4794.146299999966,4808.465125644518,4779.827474355414,4792.684785457053
2026-04-17T08:00:00+08:00,4791.4,4793.03,4785.29,4792.53,4793.006299999966,4803.523097222842,4782.489502777091,4793.006299999966,4803.523097222842,4782.489502777091,4792.607392728527
2026-04-17T08:30:00+08:00,4792.838,4801.31,4792.05,4794.735,4793.009049999966,4803.527624998735,4782.490475001197,4793.009049999966,4803.527624998735,4782.490475001197,4793.671196364263
2026-04-17T09:00:00+08:00,4794.81,4795.67,4767.05,4768.665,4791.497799999966,4806.096236670536,4776.899363329397,4791.497799999966,4806.096236670536,4776.899363329397,4781.168098182132
2026-04-17T09:30:00+08:00,4768.57,4791.58,4767.05,4789.26,4791.5287999999655,4806.10544758648,4776.952152413451,4791.5287999999655,4806.10544758648,4776.952152413451,4785.214049091066
2026-04-17T10:00:00+08:00,4789.422,4794.46,4787.72,4788.967,4790.899649999966,4804.760494487951,4777.03880551198,4790.899649999966,4804.760494487951,4777.03880551198,4787.090524545532
2026-04-17T10:30:00+08:00,4788.73,4794.91,4783.71,4784.511,4789.781949999966,4801.79487996631,4777.769020033622,4789.781949999966,4801.79487996631,4777.769020033622,4785.800762272766
2026-04-17T11:00:00+08:00,4784.405,4798.28,4784.03,4794.14,4789.529049999966,4800.936099275801,4778.122000724132,4789.529049999966,4800.936099275801,4778.122000724132,4789.970381136383
2026-04-17T11:30:00+08:00,4794.04,4796.74,4791.62,4793.02,4789.583549999966,4801.046242807579,4778.120857192353,4789.583549999966,4801.046242807579,4778.120857192353,4791.495190568192
2026-04-17T12:00:00+08:00,4793.02,4796.36,4792.03,4795.96,4790.133549999966,4801.711101830732,4778.5559981691995,4790.133549999966,4801.711101830732,4778.5559981691995,4793.7275952840955
2026-04-17T12:30:00+08:00,4795.845,4804.59,4794.73,4803.062,4790.830749999966,4803.688356718697,4777.973143281236,4790.830749999966,4803.688356718697,4777.973143281236,4798.394797642048
2026-04-17T13:00:00+08:00,4803.015,4806.26,4799.4,4803.49,4791.656149999966,4805.501064470751,4777.811235529181,4791.656149999966,4805.501064470751,4777.811235529181,4800.942398821024
2026-04-17T13:30:00+08:00,4803.49,4805.43,4793.39,4794.26,4791.904649999966,4805.749176771199,4778.060123228733,4791.904649999966,4805.749176771199,4778.060123228733,4797.601199410512
2026-04-17T14:00:00+08:00,4793.78,4795.27,4782.918,4783.78,4791.560649999965,4805.846647842628,4777.274652157302,4791.560649999965,4805.846647842628,4777.274652157302,4790.690599705256
2026-04-17T14:30:00+08:00,4783.769,4787.24,4778.67,4784.95,4791.127899999966,4805.662166729354,4776.593633270578,4791.127899999966,4805.662166729354,4776.593633270578,4787.8202998526285
2026-04-17T15:00:00+08:00,4784.977,4793,4783.73,4791.578,4791.258799999965,4805.759728594154,4776.757871405776,4791.258799999965,4805.759728594154,4776.757871405776,4789.699149926315
2026-04-17T15:30:00+08:00,4791.4,4794.83,4778.37,4784.318,4791.103149999965,4805.830150806206,4776.376149193725,4791.103149999965,4805.830150806206,4776.376149193725,4787.008574963158
2026-04-17T16:00:00+08:00,4784.33,4791.12,4780.62,4784.4,4790.6297499999655,4805.577849791692,4775.681650208239,4790.6297499999655,4805.577849791692,4775.681650208239,4785.704287481579
2026-04-17T16:30:00+08:00,4784.2,4796.917,4783.97,4795.837,4790.661099999966,4805.650066227979,4775.672133771953,4790.661099999966,4805.650066227979,4775.672133771953,4790.77064374079
2026-04-17T17:00:00+08:00,4795.93,4800.966,4791.67,4795.38,4790.726599999965,4805.7858639664755,4775.667336033455,4790.726599999965,4805.7858639664755,4775.667336033455,4793.075321870395
2026-04-17T17:30:00+08:00,4795.38,4799.18,4789.665,4790.302,4790.657249999966,4805.710920907219,4775.603579092713,4790.657249999966,4805.710920907219,4775.603579092713,4791.688660935197
2026-04-17T18:00:00+08:00,4790.28,4794.092,4786.835,4789.25,4790.493249999966,4805.533198663207,4775.4533013367245,4790.493249999966,4805.533198663207,4775.4533013367245,4790.469330467598
2026-04-17T18:30:00+08:00,4789.513,4789.876,4781.92,4787.29,4790.1209999999655,4805.090951538077,4775.151048461854,4790.1209999999655,4805.090951538077,4775.151048461854,4788.879665233799
2026-04-17T19:00:00+08:00,4787.35,4793.4,4783.2,4792.7,4791.322749999965,4802.61792143837,4780.0275785615595,4791.322749999965,4802.61792143837,4780.0275785615595,4790.7898326169
2026-04-17T19:30:00+08:00,4792.87,4811.837,4789.44,4799.038,4791.811649999965,4803.545312428056,4780.0779875718745,4791.811649999965,4803.545312428056,4780.0779875718745,4794.913916308449
2026-04-17T20:00:00+08:00,4799.15,4819.69,4797.418,4816.72,4793.199299999966,4809.087764906479,4777.310835093453,4793.199299999966,4809.087764906479,4777.310835093453,4805.816958154224
2026-04-17T20:30:00+08:00,4816.72,4847.74,4814.928,4845.93,4796.270249999965,4823.760764993504,4768.779735006426,4796.270249999965,4823.760764993504,4768.779735006426,4825.873479077112
2026-04-17T21:00:00+08:00,4846.29,4890.967,4834.57,4851.14,4799.120249999965,4835.513500948387,4762.726999051543,4799.120249999965,4835.513500948387,4762.726999051543,4838.506739538556
2026-04-17T21:30:00+08:00,4851.617,4882.17,4847.93,4880.281,4803.483299999965,4854.062888289068,4752.903711710863,4803.483299999965,4854.062888289068,4752.903711710863,4859.393869769277
2026-04-17T22:00:00+08:00,4879.96,4885.64,4860.43,4871.367,4807.253649999965,4865.663854002031,4748.843445997899,4807.253649999965,4865.663854002031,4748.843445997899,4865.380434884639
2026-04-17T22:30:00+08:00,4871.446,4883.157,4868.925,4872.82,4810.741549999964,4875.698192543102,4745.784907456827,4810.741549999964,4875.698192543102,4745.784907456827,4869.100217442319
2026-04-17T23:00:00+08:00,4872.71,4880.6,4861.98,4865.62,4813.848049999965,4882.931882412858,4744.764217587072,4813.848049999965,4882.931882412858,4744.764217587072,4867.360108721159
2026-04-17T23:30:00+08:00,4865.745,4874.19,4854.56,4867.09,4817.489549999964,4889.668054551575,4745.311045448353,4817.489549999964,4889.668054551575,4745.311045448353,4867.22505436058
2026-04-18T00:00:00+08:00,4867.43,4873.51,4863.25,4867.55,4821.678049999964,4895.25457729562,4748.101522704308,4821.678049999964,4895.25457729562,4748.101522704308,4867.38752718029
2026-04-18T00:30:00+08:00,4867.711,4872.95,4864.47,4866.798,4825.770449999964,4899.823717747607,4751.7171822523205,4825.770449999964,4899.823717747607,4751.7171822523205,4867.092763590144
2026-04-18T01:00:00+08:00,4866.96,4869.527,4853.07,4858.21,4829.102049999964,4902.696400212999,4755.507699786929,4829.102049999964,4902.696400212999,4755.507699786929,4862.651381795073
2026-04-18T01:30:00+08:00,4858.445,4863.54,4853.58,4862.378,4833.005049999964,4904.946208526097,4761.063891473832,4833.005049999964,4904.946208526097,4761.063891473832,4862.514690897537
2026-04-18T02:00:00+08:00,4862.26,4868.12,4858.435,4860.677,4836.818899999964,4906.086537963679,4767.551262036249,4836.818899999964,4906.086537963679,4767.551262036249,4861.595845448768
2026-04-18T02:30:00+08:00,4860.608,4866.73,4855.378,4858.147,4839.934399999964,4907.122603224081,4772.746196775846,4839.934399999964,4907.122603224081,4772.746196775846,4859.871422724384
2026-04-18T03:00:00+08:00,4858.3,4858.9,4853.21,4856.66,4842.998399999964,4907.30728348939,4778.689516510538,4842.998399999964,4907.30728348939,4778.689516510538,4858.265711362192
2026-04-18T03:30:00+08:00,4856.94,4861.33,4852.38,4854.178,4846.192199999964,4905.895178472755,4786.489221527173,4846.192199999964,4905.895178472755,4786.489221527173,4856.221855681096
2026-04-18T04:00:00+08:00,4854.48,4855.21,4843.94,4845.775,4849.018449999965,4902.721772664905,4795.315127335025,4849.018449999965,4902.721772664905,4795.315127335025,4850.998427840548
2026-04-18T04:30:00+08:00,4845.61,4847.04,4826.968,4837.49,4851.528449999963,4897.608241550134,4805.448658449793,4851.528449999963,4897.608241550134,4805.448658449793,4844.244213920274
2026-04-20T06:00:00+08:00,4792.17,4795.13,4759.061,4784.795,4851.133199999964,4899.31240363532,4802.9539963646075,4851.133199999964,4899.31240363532,4802.9539963646075,4814.519606960137
2026-04-20T06:30:00+08:00,4785.002,4790.817,4777.34,4779.145,4850.138549999964,4903.157004934839,4797.120095065089,4850.138549999964,4903.157004934839,4797.120095065089,4796.832303480069
2026-04-20T07:00:00+08:00,4779.287,4779.48,4767.26,4769.01,4847.753049999965,4910.052348156993,4785.453751842937,4847.753049999965,4910.052348156993,4785.453751842937,4782.9211517400345
2026-04-20T07:30:00+08:00,4768.72,4773.48,4736.39,4754.74,4843.1935499999645,4917.541832977251,4768.845267022678,4843.1935499999645,4917.541832977251,4768.845267022678,4768.830575870017
2026-04-20T08:00:00+08:00,4755.062,4765.791,4744.295,4765.331,4838.903099999964,4920.474672633146,4757.331527366782,4838.903099999964,4920.474672633146,4757.331527366782,4767.080787935009
2026-04-20T08:30:00+08:00,4765.09,4774.35,4758.99,4772.322,4833.505149999964,4917.657110516685,4749.353189483242,4833.505149999964,4917.657110516685,4749.353189483242,4769.701393967504
2026-04-20T09:00:00+08:00,4771.7,4803.82,4770.63,4802.812,4830.077399999964,4913.361639402531,4746.793160597396,4830.077399999964,4913.361639402531,4746.793160597396,4786.256696983752
2026-04-20T09:30:00+08:00,4802.74,4814.39,4800.91,4807.36,4826.8043999999645,4908.236853594533,4745.371946405396,4826.8043999999645,4908.236853594533,4745.371946405396,4796.808348491875
2026-04-20T10:00:00+08:00,4807.821,4809.177,4798.08,4799.95,4823.520899999964,4903.714544440552,4743.327255559376,4823.520899999964,4903.714544440552,4743.327255559376,4798.379174245938
2026-04-20T10:30:00+08:00,4800.223,4801.99,4792.68,4797.03,4820.017899999964,4898.39287581635,4741.6429241835785,4820.017899999964,4898.39287581635,4741.6429241835785,4797.704587122969
2026-04-20T11:00:00+08:00,4796.65,4798.45,4788.445,4794.87,4816.383899999963,4892.30778477329,4740.460015226637,4816.383899999963,4892.30778477329,4740.460015226637,4796.287293561485
2026-04-20T11:30:00+08:00,4795.038,4796.81,4788.708,4790.5,4812.568999999964,4885.5888698373865,4739.549130162542,4812.568999999964,4885.5888698373865,4739.549130162542,4793.3936467807425
2026-04-20T12:00:00+08:00,4790.645,4795.789,4790.48,4794.591,4809.388049999963,4879.669264702768,4739.106835297159,4809.388049999963,4879.669264702768,4739.106835297159,4793.992323390372
2026-04-20T12:30:00+08:00,4794.591,4794.86,4786.8,4788.793,4805.708799999963,4872.105681512095,4739.3119184878315,4805.708799999963,4872.105681512095,4739.3119184878315,4791.392661695186
2026-04-20T13:00:00+08:00,4788.65,4793.066,4783.92,4787.69,4802.059449999963,4863.832499797511,4740.286400202415,4802.059449999963,4863.832499797511,4740.286400202415,4789.541330847593
2026-04-20T13:30:00+08:00,4787.66,4796.21,4779.15,4790.78,4798.691099999964,4854.965508924786,4742.416691075141,4798.691099999964,4854.965508924786,4742.416691075141,4790.160665423797
2026-04-20T14:00:00+08:00,4790.812,4793.917,4783.46,4785.91,4795.153599999963,4844.926545511157,4745.380654488769,4795.153599999963,4844.926545511157,4745.380654488769,4788.035332711898
2026-04-20T14:30:00+08:00,4786.051,4795.49,4785.12,4795.03,4792.196199999964,4833.976438655521,4750.415961344407,4792.196199999964,4833.976438655521,4750.415961344407,4791.532666355949
2026-04-20T15:00:00+08:00,4795.39,4805.82,4793.59,4797.794,4789.797149999964,4823.777969436533,4755.816330563395,4789.797149999964,4823.777969436533,4755.816330563395,4794.663333177974
2026-04-20T15:30:00+08:00,4797.83,4798.79,4786.605,4789.59,4787.4021499999635,4813.418279297195,4761.386020702732,4787.4021499999635,4813.418279297195,4761.386020702732,4792.126666588987
2026-04-20T16:00:00+08:00,4789.657,4792.62,4785.71,4791.71,4787.747899999964,4813.800018521002,4761.695781478926,4787.747899999964,4813.800018521002,4761.695781478926,4791.918333294494
2026-04-20T16:30:00+08:00,4791.84,4796.37,4788.34,4796.3,4788.605649999963,4814.59787276783,4762.613427232096,4788.605649999963,4814.59787276783,4762.613427232096,4794.109166647248
2026-04-20T17:00:00+08:00,4795.91,4797.95,4791.47,4792.274,4789.768849999963,4814.183537505696,4765.35416249423,4789.768849999963,4814.183537505696,4765.35416249423,4793.1915833236235
2026-04-20T17:30:00+08:00,4792,4797.29,4783.16,4791.637,4791.6136999999635,4809.991866674738,4773.235533325189,4791.6136999999635,4809.991866674738,4773.235533325189,4792.414291661811
2026-04-20T18:00:00+08:00,4791.511,4801.04,4789.485,4798.34,4793.264149999963,4807.326640107707,4779.201659892218,4793.264149999963,4807.326640107707,4779.201659892218,4795.377145830906
2026-04-20T18:30:00+08:00,4798.05,4800.24,4794.21,4795.62,4794.429049999963,4804.711118686623,4784.1469813133035,4794.429049999963,4804.711118686623,4784.1469813133035,4795.498572915452
2026-04-20T19:00:00+08:00,4795.9,4796.31,4786.315,4788.397,4793.708299999963,4803.550320602636,4783.86627939729,4793.708299999963,4803.550320602636,4783.86627939729,4791.947786457726
2026-04-20T19:30:00+08:00,4788.23,4811.16,4787.455,4810.445,4793.862549999963,4804.610565635022,4783.114534364905,4793.862549999963,4804.610565635022,4783.114534364905,4801.196393228863
2026-04-20T20:00:00+08:00,4810.27,4822.48,4802.605,4805.36,4794.133049999963,4805.7198537388995,4782.546246261027,4794.133049999963,4805.7198537388995,4782.546246261027,4803.278196614431
2026-04-20T20:30:00+08:00,4805.34,4809.75,4798.795,4803.314,4794.447249999963,4806.65538823102,4782.239111768906,4794.447249999963,4806.65538823102,4782.239111768906,4803.296098307215
2026-04-20T21:00:00+08:00,4803.355,4825.86,4799.35,4824.335,4795.920499999964,4813.78041470514,4778.060585294787,4795.920499999964,4813.78041470514,4778.060585294787,4813.815549153607
2026-04-20T21:30:00+08:00,4824.148,4826.46,4815.515,4817.87,4797.288999999963,4817.338068065198,4777.239931934729,4797.288999999963,4817.338068065198,4777.239931934729,4815.842774576804
2026-04-20T22:00:00+08:00,4817.545,4826.91,4806.58,4823,4798.709449999964,4821.614682608863,4775.804217391064,4798.709449999964,4821.614682608863,4775.804217391064,4819.421387288402
2026-04-20T22:30:00+08:00,4823.287,4827.63,4791.7,4805.159,4799.527749999964,4822.124726882393,4776.930773117535,4799.527749999964,4822.124726882393,4776.930773117535,4812.290193644201
2026-04-20T23:00:00+08:00,4805.291,4809.54,4792.425,4808.74,4800.5802499999645,4822.831968679728,4778.328531320201,4800.5802499999645,4822.831968679728,4778.328531320201,4810.5150968221005
2026-04-20T23:30:00+08:00,4807.845,4809.34,4795.015,4799.675,4801.024999999964,4822.826437783927,4779.2235622160015,4801.024999999964,4822.826437783927,4779.2235622160015,4805.095048411051
2026-04-21T00:00:00+08:00,4799.445,4801.94,4792.35,4801.3,4801.7944999999645,4822.46468743141,4781.124312568519,4801.7944999999645,4822.46468743141,4781.124312568519,4803.197524205525
2026-04-21T00:30:00+08:00,4800.88,4806.52,4798.53,4805.485,4802.317249999965,4822.804705776485,4781.829794223444,4802.317249999965,4822.804705776485,4781.829794223444,4804.341262102762
2026-04-21T01:00:00+08:00,4805.58,4811.36,4803.558,4809.985,4802.926799999965,4823.564545983452,4782.289054016477,4802.926799999965,4823.564545983452,4782.289054016477,4807.16313105138
2026-04-21T01:30:00+08:00,4809.985,4812.1,4804.78,4806.55,4803.774799999965,4823.525537001042,4784.0240629988875,4803.774799999965,4823.525537001042,4784.0240629988875,4806.85656552569
2026-04-21T02:00:00+08:00,4806.515,4815.937,4806.47,4813.068,4804.842699999964,4824.173783878403,4785.511616121525,4804.842699999964,4824.173783878403,4785.511616121525,4809.962282762845
2026-04-21T02:30:00+08:00,4813.28,4816.527,4810.498,4814.071,4805.731249999964,4825.043667741135,4786.418832258793,4805.731249999964,4825.043667741135,4786.418832258793,4812.016641381422
2026-04-21T03:00:00+08:00,4813.97,4821.346,4813.485,4816.955,4806.965299999964,4825.829365275217,4788.1012347247115,4806.965299999964,4825.829365275217,4788.1012347247115,4814.485820690711
2026-04-21T03:30:00+08:00,4816.96,4817.326,4810.055,4814.01,4808.083949999964,4825.797832998082,4790.370067001845,4808.083949999964,4825.797832998082,4790.370067001845,4814.247910345355
2026-04-21T04:00:00+08:00,4813.968,4817.026,4811.65,4815.817,4808.957799999965,4826.38474166216,4791.530858337769,4808.957799999965,4826.38474166216,4791.530858337769,4815.032455172677
2026-04-21T04:30:00+08:00,4815.54,4822.465,4812.47,4822.293,4810.291449999963,4827.51265601171,4793.070243988217,4810.291449999963,4827.51265601171,4793.070243988217,4818.662727586338
2026-04-21T06:00:00+08:00,4822.8,4833.231,4814.634,4828.37,4812.290099999964,4828.104173954492,4796.476026045436,4812.290099999964,4828.104173954492,4796.476026045436,4823.516363793169
2026-04-21T06:30:00+08:00,4828.37,4831.76,4824.72,4827.535,4813.144599999964,4830.260813671109,4796.02838632882,4813.144599999964,4830.260813671109,4796.02838632882,4825.5256818965845
2026-04-21T07:00:00+08:00,4827.66,4831.755,4823.25,4825.22,4814.137599999964,4831.632274391647,4796.64292560828,4814.137599999964,4831.632274391647,4796.64292560828,4825.372840948292
2026-04-21T07:30:00+08:00,4825.21,4825.661,4819.35,4821.28,4815.0358999999635,4832.053789782833,4798.018010217094,4815.0358999999635,4832.053789782833,4798.018010217094,4823.326420474146
2026-04-21T08:00:00+08:00,4821.81,4830.78,4818.89,4819.13,4814.775649999964,4831.370689354814,4798.180610645114,4814.775649999964,4831.370689354814,4798.180610645114,4821.228210237074
2026-04-21T08:30:00+08:00,4820.17,4826.28,4816.13,4823.825,4815.073399999964,4832.088212888809,4798.058587111119,4815.073399999964,4832.088212888809,4798.058587111119,4822.526605118537
2026-04-21T09:00:00+08:00,4823.61,4824.62,4812.59,4818.25,4814.835899999964,4831.531114663492,4798.140685336435,4814.835899999964,4831.531114663492,4798.140685336435,4820.388302559269
2026-04-21T09:30:00+08:00,4818.225,4819.14,4805.25,4810.33,4815.094449999963,4831.336215560341,4798.852684439586,4815.094449999963,4831.336215560341,4798.852684439586,4815.359151279634
2026-04-21T10:00:00+08:00,4810.112,4810.49,4803.09,4807.475,4815.031199999963,4831.380950547773,4798.681449452153,4815.031199999963,4831.380950547773,4798.681449452153,4811.417075639817
2026-04-21T10:30:00+08:00,4807.06,4808.17,4802.01,4806.776,4815.386249999963,4830.659664505907,4800.112835494019,4815.386249999963,4830.659664505907,4800.112835494019,4809.096537819909
2026-04-21T11:00:00+08:00,4806.88,4807.71,4793.335,4798.56,4815.249249999963,4831.06513330417,4799.4333666957555,4815.249249999963,4831.06513330417,4799.4333666957555,4803.828268909954
2026-04-21T11:30:00+08:00,4798.25,4799.93,4792.18,4796.945,4814.822249999963,4832.066201016745,4797.5782989831805,4814.822249999963,4832.066201016745,4797.5782989831805,4800.386634454977
2026-04-21T12:00:00+08:00,4796.81,4797.9,4790.77,4792.07,4813.926499999963,4833.750665882323,4794.102334117603,4813.926499999963,4833.750665882323,4794.102334117603,4796.228317227488
2026-04-21T12:30:00+08:00,4792.157,4794.38,4788.33,4788.95,4813.046499999963,4835.4915999756395,4790.601400024287,4813.046499999963,4835.4915999756395,4790.601400024287,4792.589158613744
2026-04-21T13:00:00+08:00,4788.705,4793.23,4785.54,4787.38,4811.762099999963,4836.840726985925,4786.683473014,4811.762099999963,4836.840726985925,4786.683473014,4789.984579306873
2026-04-21T13:30:00+08:00,4787.385,4797.13,4782.785,4784.03,4810.260049999963,4838.056822922851,4782.463277077074,4810.260049999963,4838.056822922851,4782.463277077074,4787.007289653437
2026-04-21T14:00:00+08:00,4784.15,4790.75,4775.1,4778.807,4808.3526499999625,4839.126052243772,4777.579247756153,4808.3526499999625,4839.126052243772,4777.579247756153,4782.907144826719
2026-04-21T14:30:00+08:00,4778.82,4783.5,4774.298,4778.47,4806.5756499999625,4839.840718796908,4773.310581203017,4806.5756499999625,4839.840718796908,4773.310581203017,4780.688572413359
2026-04-21T15:00:00+08:00,4778.99,4787.66,4772.395,4783.325,4804.951049999962,4839.404577200135,4770.49752279979,4804.951049999962,4839.404577200135,4770.49752279979,4782.006786206679
2026-04-21T15:30:00+08:00,4783.15,4792.73,4780.458,4786.02,4803.137399999962,4837.567278247065,4768.70752175286,4803.137399999962,4837.567278247065,4768.70752175286,4784.01339310334
2026-04-21T16:00:00+08:00,4786.038,4789.35,4774.318,4787.105,4801.074149999962,4834.126521522519,4768.021778477405,4801.074149999962,4834.126521522519,4768.021778477405,4785.55919655167
2026-04-21T16:30:00+08:00,4787.06,4793,4784.34,4785.863,4798.990549999962,4830.316804288393,4767.664295711532,4798.990549999962,4830.316804288393,4767.664295711532,4785.711098275835
2026-04-21T17:00:00+08:00,4785.95,4788.01,4780.82,4782.162,4796.837649999963,4826.533398915034,4767.141901084892,4796.837649999963,4826.533398915034,4767.141901084892,4783.936549137918
2026-04-21T17:30:00+08:00,4782.207,4789.71,4781.56,4783.345,4794.940899999962,4822.947532919919,4766.934267080006,4794.940899999962,4822.947532919919,4766.934267080006,4783.640774568959
2026-04-21T18:00:00+08:00,4783.82,4785.98,4780.545,4782.858,4793.127299999962,4819.269061425278,4766.985538574646,4793.127299999962,4819.269061425278,4766.985538574646,4783.24938728448
2026-04-21T18:30:00+08:00,4783.04,4790.46,4782.34,4789.697,4791.420899999963,4813.457871686377,4769.3839283135485,4791.420899999963,4813.457871686377,4769.3839283135485,4786.4731936422395
2026-04-21T19:00:00+08:00,4789.65,4790.37,4774.72,4783.54,4789.685399999962,4808.179774164016,4771.1910258359085,4789.685399999962,4808.179774164016,4771.1910258359085,4785.00659682112
2026-04-21T19:30:00+08:00,4783.587,4798.1,4782.8,4794.524,4788.895099999962,4804.988144693741,4772.802055306184,4788.895099999962,4804.988144693741,4772.802055306184,4789.765298410561
2026-04-21T20:00:00+08:00,4794.49,4797.02,4778.84,4780.771,4787.559899999962,4801.560354090052,4773.559445909872,4787.559899999962,4801.560354090052,4773.559445909872,4785.26814920528
2026-04-21T20:30:00+08:00,4780.771,4790.495,4766.035,4778.48,4786.1450999999615,4797.575029813456,4774.715170186467,4786.1450999999615,4797.575029813456,4774.715170186467,4781.87407460264
2026-04-21T21:00:00+08:00,4778.62,4783.92,4760.65,4774.48,4784.941099999962,4795.951721904918,4773.930478095006,4784.941099999962,4795.951721904918,4773.930478095006,4778.17703730132
2026-04-21T21:30:00+08:00,4774.822,4794.42,4769.84,4778.825,4784.035099999961,4793.864294451132,4774.20590554879,4784.035099999961,4793.864294451132,4774.20590554879,4778.50101865066
2026-04-21T22:00:00+08:00,4779.031,4782.55,4769.36,4774.028,4783.132999999961,4793.156692552935,4773.109307446986,4783.132999999961,4793.156692552935,4773.109307446986,4776.26450932533
2026-04-21T22:30:00+08:00,4774.067,4775.04,4723.07,4739.16,4780.643499999961,4801.989258815141,4759.297741184781,4780.643499999961,4801.989258815141,4759.297741184781,4757.712254662665
2026-04-21T23:00:00+08:00,4738.982,4757.76,4727.31,4742.402,4778.394599999961,4805.205373814446,4751.583826185477,4778.394599999961,4805.205373814446,4751.583826185477,4750.057127331333
2026-04-21T23:30:00+08:00,4742.245,4750.18,4736.14,4740.95,4776.240599999963,4807.454808234072,4745.026391765854,4776.240599999963,4807.454808234072,4745.026391765854,4745.503563665667
2026-04-22T00:00:00+08:00,4741.67,4746.93,4719.48,4720.82,4773.341249999962,4812.7579111102705,4733.924588889654,4773.341249999962,4812.7579111102705,4733.924588889654,4733.161781832833
2026-04-22T00:30:00+08:00,4720.82,4727.99,4707.68,4710.92,4769.963749999962,4817.734712132893,4722.19278786703,4769.963749999962,4817.734712132893,4722.19278786703,4722.040890916416
2026-04-22T01:00:00+08:00,4710.865,4719.06,4697.04,4699.95,4765.794999999963,4821.984245895517,4709.605754104408,4765.794999999963,4821.984245895517,4709.605754104408,4710.9954454582075
2026-04-22T01:30:00+08:00,4700.022,4722.165,4696.36,4710.38,4762.012999999963,4822.282159429316,4701.743840570609,4762.012999999963,4822.282159429316,4701.743840570609,4710.687722729104
2026-04-22T02:00:00+08:00,4710.81,4714.762,4691.71,4696.143,4757.464899999962,4822.974291777763,4691.9555082221605,4757.464899999962,4822.974291777763,4691.9555082221605,4703.415361364552
2026-04-22T02:30:00+08:00,4696.192,4713.963,4695.47,4709.32,4753.637749999963,4820.981554206811,4686.293945793114,4753.637749999963,4820.981554206811,4686.293945793114,4706.367680682276
2026-04-22T03:00:00+08:00,4708.59,4715.41,4703.96,4713.37,4750.198149999962,4818.384925424677,4682.011374575247,4750.198149999962,4818.384925424677,4682.011374575247,4709.868840341138
2026-04-22T03:30:00+08:00,4713.7,4714.78,4667.68,4678.955,4744.978649999963,4818.025471787058,4671.931828212867,4744.978649999963,4818.025471787058,4671.931828212867,4694.411920170569
2026-04-22T04:00:00+08:00,4679.25,4711.31,4668.39,4705.452,4741.108349999962,4813.91922463847,4668.297475361454,4741.108349999962,4813.91922463847,4668.297475361454,4699.931960085285
2026-04-22T04:30:00+08:00,4705.712,4721.625,4704.64,4721.483,4737.697649999963,4807.409567620923,4667.985732379003,4737.697649999963,4807.409567620923,4667.985732379003,4710.707480042643
2026-04-22T06:00:00+08:00,4720.792,4729.43,4715.91,4719.042,4734.472749999963,4801.3117654253765,4667.633734574549,4734.472749999963,4801.3117654253765,4667.633734574549,4714.8747400213215
2026-04-22T06:30:00+08:00,4719.1,4720.076,4714.86,4719.415,4730.717299999962,4791.833230868688,4669.601369131236,4730.717299999962,4791.833230868688,4669.601369131236,4717.144870010661
2026-04-22T07:00:00+08:00,4719.31,4733.17,4717.48,4729.755,4728.166499999963,4784.807839239645,4671.525160760281,4728.166499999963,4784.807839239645,4671.525160760281,4723.44993500533
2026-04-22T07:30:00+08:00,4729.913,4740.66,4728.26,4737.795,4726.132249999963,4778.131678502617,4674.132821497309,4726.132249999963,4778.131678502617,4674.132821497309,4730.622467502665
2026-04-22T08:00:00+08:00,4737.932,4747.59,4737.67,4742.29,4724.522749999963,4772.254209171245,4676.791290828681,4724.522749999963,4772.254209171245,4676.791290828681,4736.456233751333
2026-04-22T08:30:00+08:00,4742.2,4747.2,4737.95,4739.58,4722.560499999963,4764.015147252623,4681.105852747303,4722.560499999963,4764.015147252623,4681.105852747303,4738.018116875666
2026-04-22T09:00:00+08:00,4739.765,4749.25,4735.2,4746.31,4721.174599999963,4757.14447548521,4685.204724514716,4721.174599999963,4757.14447548521,4685.204724514716,4742.164058437833
2026-04-22T09:30:00+08:00,4746.26,4755.73,4745.68,4752.07,4721.820099999963,4759.481426145354,4684.158773854571,4721.820099999963,4759.481426145354,4684.158773854571,4747.117029218916
2026-04-22T10:00:00+08:00,4752.112,4758.33,4749.728,4755.52,4722.475999999963,4761.961040182762,4682.990959817164,4722.475999999963,4761.961040182762,4682.990959817164,4751.318514609458
2026-04-22T10:30:00+08:00,4755.588,4758.97,4749.94,4755.614,4723.209199999963,4764.540613511889,4681.877786488037,4723.209199999963,4764.540613511889,4681.877786488037,4753.466257304729
2026-04-22T11:00:00+08:00,4755.66,4764.7,4752.19,4762.97,4725.316699999963,4770.100202608559,4680.533197391367,4725.316699999963,4770.100202608559,4680.533197391367,4758.218128652365
2026-04-22T11:30:00+08:00,4764.37,4766.32,4756.06,4757.16,4727.628699999963,4773.948532541615,4681.3088674583105,4727.628699999963,4773.948532541615,4681.3088674583105,4757.689064326182
2026-04-22T12:00:00+08:00,4757.12,4759.679,4754.01,4755.909,4730.426649999963,4776.480377067112,4684.372922932814,4730.426649999963,4776.480377067112,4684.372922932814,4756.799032163091
2026-04-22T12:30:00+08:00,4755.61,4759.61,4751.86,4754.433,4732.629299999963,4778.850793284913,4686.407806715013,4732.629299999963,4778.850793284913,4686.407806715013,4755.616016081545
2026-04-22T13:00:00+08:00,4754.58,4771.78,4751.74,4765.785,4736.111399999963,4781.2947645361055,4690.928035463821,4736.111399999963,4781.2947645361055,4690.928035463821,4760.700508040773
2026-04-22T13:30:00+08:00,4766.169,4772.13,4763.39,4767.42,4739.016399999963,4784.406599325518,4693.626200674408,4739.016399999963,4784.406599325518,4693.626200674408,4764.060254020386
2026-04-22T14:00:00+08:00,4767.41,4768,4758.38,4766.98,4741.6968999999635,4787.044169953126,4696.349630046801,4741.6968999999635,4787.044169953126,4696.349630046801,4765.520127010193
2026-04-22T14:30:00+08:00,4766.98,4768.49,4762.93,4767.55,4746.126649999964,4782.516916620985,4709.736383378942,4746.126649999964,4782.516916620985,4709.736383378942,4766.535063505096
2026-04-22T15:00:00+08:00,4767.535,4772.307,4762.24,4766.022,4749.155149999964,4781.33967757977,4716.970622420158,4749.155149999964,4781.33967757977,4716.970622420158,4766.278531752549
2026-04-22T15:30:00+08:00,4765.875,4766.68,4759.345,4760.465,4751.104249999964,4780.988707775988,4721.21979222394,4751.104249999964,4780.988707775988,4721.21979222394,4763.371765876274
2026-04-22T16:00:00+08:00,4760.502,4762.32,4753.88,4754.309,4752.867599999963,4778.888739737417,4726.846460262509,4752.867599999963,4778.888739737417,4726.846460262509,4758.840382938137
2026-04-22T16:30:00+08:00,4753.86,4758.46,4751.51,4756.73,4754.733349999964,4775.765324665533,4733.701375334395,4754.733349999964,4775.765324665533,4733.701375334395,4757.785191469068
2026-04-22T17:00:00+08:00,4756.98,4761.969,4756.04,4756.34,4756.062599999964,4773.698047462407,4738.427152537521,4756.062599999964,4773.698047462407,4738.427152537521,4757.062595734535
2026-04-22T17:30:00+08:00,4756.45,4762.5,4752.08,4755.109,4756.928299999963,4772.467028709409,4741.389571290518,4756.928299999963,4772.467028709409,4741.389571290518,4756.0857978672675
2026-04-22T18:00:00+08:00,4755.07,4757.7,4745.4,4754.61,4757.544299999963,4771.620990076195,4743.467609923731,4757.544299999963,4771.620990076195,4743.467609923731,4755.347898933634
2026-04-22T18:30:00+08:00,4754.59,4760.325,4753.368,4759.189,4758.524749999964,4769.93990954282,4747.109590457108,4758.524749999964,4769.93990954282,4747.109590457108,4757.268449466817
2026-04-22T19:00:00+08:00,4759.09,4760.88,4755.99,4757.242,4759.071349999964,4769.0513223029175,4749.09137769701,4759.071349999964,4769.0513223029175,4749.09137769701,4757.255224733409
2026-04-22T19:30:00+08:00,4757.24,4759.94,4747.57,4750.27,4758.981349999964,4769.240805109862,4748.721894890065,4758.981349999964,4769.240805109862,4748.721894890065,4753.762612366705
2026-04-22T20:00:00+08:00,4750.31,4760.092,4746.925,4753.082,4758.8594499999635,4769.336150723512,4748.382749276415,4758.8594499999635,4769.336150723512,4748.382749276415,4753.422306183353
2026-04-22T20:30:00+08:00,4753.05,4754.42,4742.6,4744.26,4758.291749999964,4770.498073107476,4746.085426892452,4758.291749999964,4770.498073107476,4746.085426892452,4748.8411530916765
2026-04-22T21:00:00+08:00,4744.14,4750.79,4736.02,4749.63,4757.6247499999645,4770.188298295173,4745.061201704756,4757.6247499999645,4770.188298295173,4745.061201704756,4749.235576545838
2026-04-22T21:30:00+08:00,4750.02,4761.12,4741.63,4753,4757.416749999964,4770.140906309679,4744.692593690249,4757.416749999964,4770.140906309679,4744.692593690249,4751.117788272919
2026-04-22T22:00:00+08:00,4752.735,4757.51,4741.96,4743.82,4756.812299999963,4770.846628438368,4742.777971561559,4756.812299999963,4770.846628438368,4742.777971561559,4747.468894136459
2026-04-22T22:30:00+08:00,4743.906,4744.68,4729.78,4735.893,4755.8852999999635,4772.615998356558,4739.1546016433695,4755.8852999999635,4772.615998356558,4739.1546016433695,4741.680947068229
2026-04-22T23:00:00+08:00,4736.05,4740.15,4729.54,4735.072,4754.349649999965,4772.721401770619,4735.97789822931,4754.349649999965,4772.721401770619,4735.97789822931,4738.376473534115
2026-04-22T23:30:00+08:00,4735.085,4735.51,4724.74,4727.53,4752.355149999965,4773.122938941437,4731.587361058493,4752.355149999965,4773.122938941437,4731.587361058493,4732.953236767057
2026-04-23T00:00:00+08:00,4727.572,4735,4723.89,4726.875,4750.349899999965,4772.761667190185,4727.938132809744,4750.349899999965,4772.761667190185,4727.938132809744,4729.914118383529
2026-04-23T00:30:00+08:00,4726.85,4732.16,4723.57,4728.5,4748.397399999964,4771.274314599518,4725.5204854004105,4748.397399999964,4771.274314599518,4725.5204854004105,4729.2070591917645
2026-04-23T01:00:00+08:00,4728.639,4739.5,4728.25,4735.102,4746.851399999965,4768.919951941218,4724.782848058712,4746.851399999965,4768.919951941218,4724.782848058712,4732.154529595882
2026-04-23T01:30:00+08:00,4734.945,4738.33,4733.26,4736.97,4745.676649999965,4767.216455633619,4724.1368443663105,4745.676649999965,4767.216455633619,4724.1368443663105,4734.562264797942
2026-04-23T02:00:00+08:00,4737.09,4738.622,4729.56,4730.23,4744.472699999965,4766.63080348969,4722.314596510239,4744.472699999965,4766.63080348969,4722.314596510239,4732.396132398971
2026-04-23T02:30:00+08:00,4730.352,4750.03,4729.87,4741.63,4743.717699999965,4765.171589117382,4722.263810882548,4743.717699999965,4765.171589117382,4722.263810882548,4737.013066199485
2026-04-23T03:00:00+08:00,4741.65,4745.449,4736.46,4744.275,4743.1144499999655,4763.778702737465,4722.450197262466,4743.1144499999655,4763.778702737465,4722.450197262466,4740.644033099743
2026-04-23T03:30:00+08:00,4744.33,4744.73,4736.795,4740.06,4742.3619999999655,4762.307894419585,4722.416105580346,4742.3619999999655,4762.307894419585,4722.416105580346,4740.352016549872
2026-04-23T04:00:00+08:00,4740.015,4740.48,4733.98,4736.76,4741.469499999965,4760.728945973815,4722.210054026114,4741.469499999965,4760.728945973815,4722.210054026114,4738.556008274936
2026-04-23T04:30:00+08:00,4736.82,4740.72,4735.62,4739.57,4740.4885499999655,4757.952876256132,4723.024223743799,4740.4885499999655,4757.952876256132,4723.024223743799,4739.063004137468
2026-04-23T06:00:00+08:00,4756.35,4756.36,4732.05,4732.899,4739.271399999966,4755.223249783691,4723.319550216241,4739.271399999966,4755.223249783691,4723.319550216241,4735.981002068735
2026-04-23T06:30:00+08:00,4732.91,4735.28,4724.94,4726.09,4738.062399999965,4754.161182821815,4721.963617178116,4738.062399999965,4754.161182821815,4721.963617178116,4731.035501034367
2026-04-23T07:00:00+08:00,4725.92,4729.989,4722.96,4728.081,4736.812349999966,4751.903019324941,4721.72168067499,4736.812349999966,4751.903019324941,4721.72168067499,4729.558250517184
2026-04-23T07:30:00+08:00,4728.19,4729.503,4723.17,4727.7,4735.984349999965,4751.166558374102,4720.802141625828,4735.984349999965,4751.166558374102,4720.802141625828,4728.6291252585925
2026-04-23T08:00:00+08:00,4727.11,4742.59,4693.638,4741.37,4735.571349999966,4749.656003615986,4721.486696383945,4735.571349999966,4749.656003615986,4721.486696383945,4734.999562629297
2026-04-23T08:30:00+08:00,4741.439,4753.819,4740.84,4748.14,4735.328349999965,4748.327730597239,4722.328969402692,4735.328349999965,4748.327730597239,4722.328969402692,4741.569781314649
2026-04-23T09:00:00+08:00,4747.825,4749.93,4726.59,4728.19,4734.546849999965,4747.28696424974,4721.8067357501905,4734.546849999965,4747.28696424974,4721.8067357501905,4734.879890657325
2026-04-23T09:30:00+08:00,4728.015,4736.86,4722.05,4723.115,4733.907949999965,4747.562720344842,4720.253179655088,4733.907949999965,4747.562720344842,4720.253179655088,4728.997445328662
2026-04-23T10:00:00+08:00,4723.172,4724.73,4704.32,4713.35,4732.821849999966,4749.131024089408,4716.512675910523,4732.821849999966,4749.131024089408,4716.512675910523,4721.173722664331
2026-04-23T10:30:00+08:00,4713.72,4715.76,4697.73,4698.38,4731.364349999965,4753.480846229906,4709.247853770024,4731.364349999965,4753.480846229906,4709.247853770024,4709.776861332166
2026-04-23T11:00:00+08:00,4698.773,4708.72,4697.84,4703.25,4730.183099999966,4755.434050115241,4704.93214988469,4730.183099999966,4755.434050115241,4704.93214988469,4706.513430666083
2026-04-23T11:30:00+08:00,4703.19,4707.55,4700.618,4703.79,4728.947599999966,4756.701108267075,4701.194091732857,4728.947599999966,4756.701108267075,4701.194091732857,4705.1517153330415
2026-04-23T12:00:00+08:00,4703.867,4707.21,4700.46,4705.46,4727.465499999966,4756.863270023515,4698.067729976417,4727.465499999966,4756.863270023515,4698.067729976417,4705.305857666521
2026-04-23T12:30:00+08:00,4705.315,4707.19,4698.455,4704.57,4725.845499999966,4756.513153356064,4695.177846643867,4725.845499999966,4756.513153356064,4695.177846643867,4704.93792883326
2026-04-23T13:00:00+08:00,4704.11,4710.38,4703.065,4705.9,4724.628999999966,4756.414300051117,4692.843699948816,4724.628999999966,4756.414300051117,4692.843699948816,4705.41896441663
2026-04-23T13:30:00+08:00,4705.955,4715.44,4692.078,4713.455,4723.220249999967,4754.357556371711,4692.082943628222,4723.220249999967,4754.357556371711,4692.082943628222,4709.436982208315
2026-04-23T14:00:00+08:00,4713.485,4718.28,4708.29,4712.27,4721.619999999967,4751.53002747115,4691.709972528784,4721.619999999967,4751.53002747115,4691.709972528784,4710.853491104158
2026-04-23T14:30:00+08:00,4712.12,4721.47,4708.875,4712.665,4720.250249999966,4749.148979523931,4691.3515204760015,4720.250249999966,4749.148979523931,4691.3515204760015,4711.759245552079
2026-04-23T15:00:00+08:00,4712.999,4716.57,4702.76,4706.042,4718.714349999967,4747.202261776906,4690.226438223029,4718.714349999967,4747.202261776906,4690.226438223029,4708.90062277604
2026-04-23T15:30:00+08:00,4705.885,4720.63,4703.12,4719.06,4717.688849999968,4744.5288720530225,4690.848827946913,4717.688849999968,4744.5288720530225,4690.848827946913,4713.980311388021
2026-04-23T16:00:00+08:00,4719.083,4724.881,4714.75,4715.449,4716.816349999967,4742.7407672899735,4690.891932709961,4716.816349999967,4742.7407672899735,4690.891932709961,4714.71465569401
2026-04-23T16:30:00+08:00,4715.448,4716.28,4701.395,4703.269,4715.675299999967,4741.874029987534,4689.4765700124,4715.675299999967,4741.874029987534,4689.4765700124,4708.991827847005
2026-04-23T17:00:00+08:00,4703.259,4703.67,4694.45,4700.87,4714.314749999967,4740.621178318605,4688.008321681328,4714.314749999967,4740.621178318605,4688.008321681328,4704.930913923503
2026-04-23T17:30:00+08:00,4700.852,4703.133,4694.515,4697.18,4712.788749999967,4739.351890154553,4686.225609845381,4712.788749999967,4739.351890154553,4686.225609845381,4701.055456961752
2026-04-23T18:00:00+08:00,4697.51,4701.72,4684.205,4686.535,4710.046999999967,4735.54221425947,4684.551785740464,4710.046999999967,4735.54221425947,4684.551785740464,4693.795228480876
2026-04-23T18:30:00+08:00,4686.566,4697.22,4683.93,4696.49,4707.464499999966,4726.696552546587,4688.232447453346,4707.464499999966,4726.696552546587,4688.232447453346,4695.142614240438
2026-04-23T19:00:00+08:00,4696.425,4703.37,4695.2,4699.144,4706.0121999999665,4723.0231381863105,4689.0012618136225,4706.0121999999665,4723.0231381863105,4689.0012618136225,4697.143307120219
2026-04-23T19:30:00+08:00,4699.16,4720.92,4696.34,4720.53,4705.882949999967,4722.4043708075305,4689.361529192404,4705.882949999967,4722.4043708075305,4689.361529192404,4708.836653560109
2026-04-23T20:00:00+08:00,4720.54,4738.56,4719.525,4732.995,4706.8651999999665,4726.98880229063,4686.741597709303,4706.8651999999665,4726.98880229063,4686.741597709303,4720.915826780054
2026-04-23T20:30:00+08:00,4733.055,4743.148,4730.99,4739.905,4708.941449999967,4733.265143508816,4684.617756491117,4708.941449999967,4733.265143508816,4684.617756491117,4730.410413390027
2026-04-23T21:00:00+08:00,4740.01,4740.752,4723.46,4727.363,4710.1470999999665,4735.58761647428,4684.706583525653,4710.1470999999665,4735.58761647428,4684.706583525653,4728.886706695013
2026-04-23T21:30:00+08:00,4726.9,4741.152,4723.92,4724.315,4711.173349999966,4737.155468009024,4685.191231990909,4711.173349999966,4737.155468009024,4685.191231990909,4726.600853347507
2026-04-23T22:00:00+08:00,4724.18,4735.96,4716.74,4731.29,4712.464849999966,4739.719317800204,4685.210382199727,4712.464849999966,4739.719317800204,4685.210382199727,4728.945426673754
2026-04-23T22:30:00+08:00,4731.292,4737.38,4725.625,4733.415,4713.907099999967,4742.364114960917,4685.450085039017,4713.907099999967,4742.364114960917,4685.450085039017,4731.1802133368765
2026-04-23T23:00:00+08:00,4733.479,4741.14,4726.42,4733.406,4715.282399999966,4744.701009591359,4685.863790408574,4715.282399999966,4744.701009591359,4685.863790408574,4732.293106668438
2026-04-23T23:30:00+08:00,4733.512,4735.08,4715.975,4720.363,4715.627799999967,4745.114610725577,4686.140989274356,4715.627799999967,4745.114610725577,4686.140989274356,4726.328053334219
2026-04-24T00:00:00+08:00,4720.412,4725.07,4714.79,4723.055,4716.167049999966,4745.782696883438,4686.551403116495,4716.167049999966,4745.782696883438,4686.551403116495,4724.691526667109
2026-04-24T00:30:00+08:00,4722.88,4737.25,4722.35,4732.858,4717.176699999967,4747.611444279057,4686.741955720878,4717.176699999967,4747.611444279057,4686.741955720878,4728.774763333555
2026-04-24T01:00:00+08:00,4732.63,4734.58,4704.21,4706.22,4717.185599999966,4747.607415999454,4686.763784000478,4717.185599999966,4747.607415999454,4686.763784000478,4717.497381666777
2026-04-24T01:30:00+08:00,4706.35,4714.012,4663.58,4709.16,4716.690599999967,4747.295929023641,4686.085270976293,4716.690599999967,4747.295929023641,4686.085270976293,4713.3286908333885
2026-04-24T02:00:00+08:00,4709.242,4722.023,4707.27,4716.702,4716.753249999967,4747.353285563067,4686.153214436867,4716.753249999967,4747.353285563067,4686.153214436867,4715.015345416694
2026-04-24T02:30:00+08:00,4716.66,4720.63,4698.96,4701.157,4716.647649999967,4747.447019704405,4685.84828029553,4716.647649999967,4747.447019704405,4685.84828029553,4708.086172708347
2026-04-24T03:00:00+08:00,4701.107,4704.51,4692.25,4700.22,4716.615149999967,4747.482343559213,4685.74795644072,4716.615149999967,4747.482343559213,4685.74795644072,4704.153086354174
2026-04-24T03:30:00+08:00,4699.81,4701.34,4689.195,4695.99,4716.5556499999675,4747.576672365166,4685.534627634769,4716.5556499999675,4747.576672365166,4685.534627634769,4700.071543177087
2026-04-24T04:00:00+08:00,4696.027,4698.2,4686.36,4689.33,4716.695399999967,4747.194990598319,4686.1958094016145,4716.695399999967,4747.194990598319,4686.1958094016145,4694.700771588543
2026-04-24T04:30:00+08:00,4689.32,4704.715,4687.57,4692.42,4716.491899999967,4747.5767314915565,4685.407068508378,4716.491899999967,4747.5767314915565,4685.407068508378,4693.5603857942715
2026-04-24T06:00:00+08:00,4702.58,4705.65,4691.66,4692.67,4716.168199999968,4748.092395825359,4684.244004174578,4716.168199999968,4748.092395825359,4684.244004174578,4693.115192897136
2026-04-24T06:30:00+08:00,4692.49,4696.75,4689.54,4693.15,4714.799199999968,4748.17314315203,4681.425256847905,4714.799199999968,4748.17314315203,4681.425256847905,4693.132596448568
2026-04-24T07:00:00+08:00,4693.151,4695.65,4686.39,4694.399,4712.869399999967,4746.275084753577,4679.4637152463565,4712.869399999967,4746.275084753577,4679.4637152463565,4693.765798224284
2026-04-24T07:30:00+08:00,4694.36,4700.8,4691.83,4695.33,4710.640649999967,4742.443351844482,4678.837948155451,4710.640649999967,4742.443351844482,4678.837948155451,4694.547899112142
2026-04-24T08:00:00+08:00,4695.3,4705.66,4690.46,4705.42,4709.543499999967,4740.464698739656,4678.622301260278,4709.543499999967,4740.464698739656,4678.622301260278,4699.983949556071
2026-04-24T08:30:00+08:00,4705.41,4707.9,4696.7,4704.365,4708.5459999999675,4738.776190811099,4678.315809188836,4708.5459999999675,4738.776190811099,4678.315809188836,4702.174474778036
2026-04-24T09:00:00+08:00,4704.55,4711.1,4695.37,4698.233,4706.893149999967,4735.5418929146845,4678.24440708525,4706.893149999967,4735.5418929146845,4678.24440708525,4700.203737389018
2026-04-24T09:30:00+08:00,4698.32,4702.37,4690,4698.91,4705.167899999967,4731.262132152974,4679.073667846959,4705.167899999967,4731.262132152974,4679.073667846959,4699.556868694509
2026-04-24T10:00:00+08:00,4699.41,4700.74,4681.8,4683.6,4702.677599999967,4726.960503019071,4678.394696980863,4702.677599999967,4726.960503019071,4678.394696980863,4691.578434347255
2026-04-24T10:30:00+08:00,4683.652,4690.97,4672.65,4676.27,4700.472949999967,4725.911799138316,4675.034100861617,4700.472949999967,4725.911799138316,4675.034100861617,4683.924217173628
2026-04-24T11:00:00+08:00,4676.658,4678.36,4668.23,4674.38,4698.039199999967,4723.683324097095,4672.39507590284,4698.039199999967,4723.683324097095,4672.39507590284,4679.1521085868135
2026-04-24T11:30:00+08:00,4674.372,4678.24,4671.08,4672.24,4695.008299999967,4717.625233013426,4672.391366986508,4695.008299999967,4717.625233013426,4672.391366986508,4675.696054293407
2026-04-24T12:00:00+08:00,4672.2,4674.64,4658.36,4659.51,4692.672799999967,4719.44205167289,4665.903548327044,4692.672799999967,4719.44205167289,4665.903548327044,4667.603027146703
2026-04-24T12:30:00+08:00,4659.505,4676.9,4657.485,4674.34,4690.931799999967,4717.71465402156,4664.148945978373,4690.931799999967,4717.71465402156,4664.148945978373,4670.971513573351
2026-04-24T13:00:00+08:00,4674.34,4678.58,4669.19,4676.215,4688.907449999967,4713.634469566983,4664.180430432951,4688.907449999967,4713.634469566983,4664.180430432951,4673.593256786676
2026-04-24T13:30:00+08:00,4676.403,4687.443,4676.12,4685.92,4688.145599999967,4712.247021357301,4664.044178642634,4688.145599999967,4712.247021357301,4664.044178642634,4679.756628393337
2026-04-24T14:00:00+08:00,4686.32,4688.06,4669.68,4671.38,4686.703599999967,4711.19073737937,4662.216462620564,4686.703599999967,4711.19073737937,4662.216462620564,4675.568314196669
2026-04-24T14:30:00+08:00,4671.456,4676.66,4666.32,4671.912,4685.499699999967,4710.4061898637565,4660.593210136177,4685.499699999967,4710.4061898637565,4660.593210136177,4673.740157098335
2026-04-24T15:00:00+08:00,4671.8,4684.94,4670.735,4684.37,4685.251699999966,4710.099400620895,4660.4039993790375,4685.251699999966,4710.099400620895,4660.4039993790375,4679.055078549167
2026-04-24T15:30:00+08:00,4684.52,4695.34,4682.04,4694.4,4685.350699999966,4710.327296960786,4660.374103039147,4685.350699999966,4710.327296960786,4660.374103039147,4686.727539274583
2026-04-24T16:00:00+08:00,4694.61,4697.52,4686.14,4687.772,4685.105799999967,4709.885804034038,4660.325795965895,4685.105799999967,4709.885804034038,4660.325795965895,4687.249769637292
2026-04-24T16:30:00+08:00,4687.675,4693.07,4684.72,4690.84,4684.990299999967,4709.640444383381,4660.340155616553,4684.990299999967,4709.640444383381,4660.340155616553,4689.044884818646
2026-04-24T17:00:00+08:00,4690.68,4696.83,4682.01,4683.145,4684.427599999966,4708.703913399239,4660.151286600693,4684.427599999966,4708.703913399239,4660.151286600693,4686.094942409323
2026-04-24T17:30:00+08:00,4683.38,4688.67,4678.97,4682.05,4683.763599999967,4707.531939013388,4659.995260986545,4683.763599999967,4707.531939013388,4659.995260986545,4684.072471204661
2026-04-24T18:00:00+08:00,4682.17,4686.218,4679.98,4682.16,4682.600599999966,4704.193145886323,4661.008054113609,4682.600599999966,4704.193145886323,4661.008054113609,4683.116235602331
2026-04-24T18:30:00+08:00,4682.265,4682.4,4674.27,4677.762,4681.270449999966,4700.482566757109,4662.058333242823,4681.270449999966,4700.482566757109,4662.058333242823,4680.439117801165
2026-04-24T19:00:00+08:00,4677.742,4717.12,4677.44,4715.23,4682.120299999966,4705.343586523084,4658.897013476848,4682.120299999966,4705.343586523084,4658.897013476848,4697.834558900582
2026-04-24T19:30:00+08:00,4715.22,4717.36,4702.61,4706.839,4682.516749999967,4707.103664552467,4657.929835447467,4682.516749999967,4707.103664552467,4657.929835447467,4702.336779450291
2026-04-24T20:00:00+08:00,4706.78,4711.85,4701.12,4710.348,4683.8541499999665,4711.2775491582115,4656.430750841721,4683.8541499999665,4711.2775491582115,4656.430750841721,4706.342389725145
2026-04-24T20:30:00+08:00,4710.322,4711.66,4689.94,4700.686,4685.0749499999665,4713.203934686093,4656.94596531384,4685.0749499999665,4713.203934686093,4656.94596531384,4703.514194862572
2026-04-24T21:00:00+08:00,4700.685,4705.7,4693.26,4697.047,4686.208299999967,4714.348866016128,4658.067733983805,4686.208299999967,4714.348866016128,4658.067733983805,4700.280597431286
2026-04-24T21:30:00+08:00,4696.99,4718.12,4689.43,4711.52,4688.1722999999665,4717.592973379723,4658.75162662021,4688.1722999999665,4717.592973379723,4658.75162662021,4705.900298715644
2026-04-24T22:00:00+08:00,4712.01,4740.32,4706.59,4725.325,4691.463049999967,4722.0247746741215,4660.901325325812,4691.463049999967,4722.0247746741215,4660.901325325812,4715.612649357821
2026-04-24T22:30:00+08:00,4725.482,4733.06,4723.34,4726.28,4694.0600499999655,4727.088001984873,4661.032098015058,4694.0600499999655,4727.088001984873,4661.032098015058,4720.946324678911
2026-04-24T23:00:00+08:00,4726.27,4727.27,4718.38,4721.79,4696.338799999966,4730.400151551995,4662.277448447937,4696.338799999966,4730.400151551995,4662.277448447937,4721.368162339455
2026-04-24T23:30:00+08:00,4721.909,4733.52,4714.475,4727.07,4698.396299999966,4734.595933928417,4662.196666071514,4698.396299999966,4734.595933928417,4662.196666071514,4724.219081169727
2026-04-25T00:00:00+08:00,4727.025,4729.75,4718.33,4723.215,4700.988049999965,4736.495264831962,4665.4808351679685,4700.988049999965,4736.495264831962,4665.4808351679685,4723.717040584864
2026-04-25T00:30:00+08:00,4723.21,4728.5,4718.93,4726.65,4703.724949999965,4738.270913838191,4669.17898616174,4703.724949999965,4738.270913838191,4669.17898616174,4725.183520292432
2026-04-25T01:00:00+08:00,4726.68,4730.58,4722.02,4722.81,4705.646949999966,4739.948149546282,4671.345750453649,4705.646949999966,4739.948149546282,4671.345750453649,4723.996760146216
2026-04-25T01:30:00+08:00,4722.912,4727.98,4718.72,4723.245,4707.089199999966,4741.800746291719,4672.377653708212,4707.089199999966,4741.800746291719,4672.377653708212,4723.620880073107
2026-04-25T02:00:00+08:00,4723.27,4724.85,4716.62,4717.17,4708.559099999967,4742.351742460371,4674.766457539563,4708.559099999967,4742.351742460371,4674.766457539563,4720.395440036554
2026-04-25T02:30:00+08:00,4716.64,4723.262,4716.39,4722.63,4710.148599999966,4743.44486687622,4676.852333123712,4710.148599999966,4743.44486687622,4676.852333123712,4721.512720018277
2026-04-25T03:00:00+08:00,4722.65,4726.06,4716.95,4719.002,4711.941449999966,4743.015905733353,4680.866994266578,4711.941449999966,4743.015905733353,4680.866994266578,4720.257360009138
2026-04-25T03:30:00+08:00,4719.02,4720.7,4713.13,4716.58,4713.6679499999655,4741.58393220998,4685.751967789951,4713.6679499999655,4741.58393220998,4685.751967789951,4718.418680004569
2026-04-25T04:00:00+08:00,4716.986,4717.45,4704.93,4708.152,4714.967549999966,4739.052424513529,4690.882675486402,4714.967549999966,4739.052424513529,4690.882675486402,4713.285340002285
2026-04-25T04:30:00+08:00,4707.95,4710.582,4704.66,4708.62,4716.510449999966,4733.881883639856,4699.139016360076,4716.510449999966,4733.881883639856,4699.139016360076,4710.952670001143